Name,Team,BB,1B,2B,3B,HR,ROE,K,HBP,FO,GO,LO,PO
A. Tan,BING,0,0,0,1,1,0,2,0,2,5,1,0
T. Reifler,BING,0,7,1,0,0,0,2,0,4,8,0,0
T. Yunger,GT,2,4,0,0,0,0,1,0,2,2,1,0
J. Decker,MRST,3,4,1,1,0,0,4,0,1,2,0,0
K. Ashworth,LBSU,2,2,0,1,0,0,6,1,1,4,1,0
W. Mize,GAST,1,2,0,0,1,0,2,0,3,3,1,0
G. Schultz,XAV,3,2,1,0,0,0,5,0,1,4,0,0
A. Brait,UCF,3,3,0,0,1,0,4,0,4,5,0,0
C. Cornblum,PUR,0,2,1,0,0,0,2,0,2,5,0,0
L. Miller-green,PEAY,4,3,2,0,2,1,0,1,2,5,1,0
L. Zimmerman,JOES,1,2,0,0,0,0,5,0,1,1,1,0
C. Benzin,VCU,5,2,0,0,1,0,1,0,4,0,3,0
C. Hall,AUB,1,2,1,0,0,0,4,0,6,2,0,0
C. Smith,SLU,6,6,2,0,0,0,2,0,2,6,0,0
J. Croom,UNCW,2,0,0,0,0,1,7,0,2,3,1,0
B. Drapeau,JOES,1,1,1,0,0,0,2,1,0,3,1,0
J. Hinderleider,CLEM,0,3,1,1,2,0,2,1,2,2,0,0
H. Torres,WEBB,0,3,1,0,0,0,2,3,4,1,1,0
B. Rozenblum,USF,0,0,0,1,0,0,5,1,1,3,0,0
K. Madden,COFC,2,3,0,0,1,0,2,0,0,2,1,0
G. Magill,INST,0,2,0,0,0,1,5,0,5,3,1,0
E. Grintz,HP,0,3,0,0,0,1,1,2,3,3,0,0
J. Guy,FLA,2,2,1,0,0,0,0,1,2,1,1,0
P. Chatagnier,TCU,0,2,0,0,0,0,3,1,2,1,1,0
L. Kohler,MSST,6,4,1,0,0,0,7,1,3,7,0,0
L. Longo,NJIT,2,2,0,0,0,0,4,0,3,0,0,0
J. Hay,ALST,0,3,1,0,1,0,3,1,3,5,0,0
D. Glancy,ND,3,1,1,0,2,1,0,1,3,5,0,0
N. Rose,TULN,2,4,0,0,2,0,5,2,2,3,1,0
M. Mccormick,XAV,5,3,0,0,1,1,9,2,2,5,1,0
D. Carter,UGA,2,0,0,0,2,0,2,1,1,2,0,0
L. Banjoff,BGSU,2,3,0,0,1,1,0,0,6,5,1,0
L. Boynton,GAST,2,1,0,0,2,0,3,0,0,3,0,0
T. Larue,HBU,0,2,1,0,0,0,1,0,3,2,1,0
M. Timbrook,MICH,3,1,0,0,0,1,5,0,0,3,0,0
P. Noland,SCAR,6,4,1,0,0,0,10,0,1,6,0,0
J. Obertop,CLEM,4,1,0,0,0,1,4,0,5,1,0,0
C. Cranford,KU,1,2,2,0,1,0,1,0,2,4,1,0
A. Milazzo,LSU,3,3,0,0,0,0,2,0,1,1,1,0
M. Sanford,UNO,3,5,2,0,1,1,6,0,3,5,1,0
H. Jessee,CIN,1,2,0,0,0,0,3,1,4,4,0,0
J. Bojorquez,SAC,0,2,2,0,0,0,5,1,2,7,0,0
B. Camper,UVU,2,1,1,0,1,0,2,0,2,1,1,0
W. Havens,LONG,0,1,2,0,1,0,2,3,0,2,0,0
T. Harlan,COFC,1,1,1,0,1,0,1,1,5,1,0,0
B. Greenly,DEL,3,3,0,0,0,0,4,0,2,0,0,0
B. Seaburg,QUIN,2,3,0,0,0,1,3,1,0,2,1,0
D. Melnick,HALL,1,1,3,1,0,1,2,2,4,6,2,0
T. Lott,CIT,1,2,2,1,0,0,1,2,2,4,0,0
T. Williams,UALR,0,2,1,0,1,0,2,0,1,5,0,0
S. Hojnar,MD,3,0,1,1,1,0,11,0,0,6,1,0
G. Smith,UK,1,3,1,0,0,0,3,0,0,2,0,0
R. Vogel,BRAD,5,1,1,0,0,0,4,0,5,2,0,0
C. Husmann,VALP,1,1,1,0,1,0,3,1,1,1,0,0
R. Hamchuk,SJSU,1,1,0,1,0,0,3,0,4,3,2,0
P. Leeper,SEMO,0,2,0,0,0,0,6,1,1,1,1,0
C. Dicochea,LMU,1,3,0,0,0,1,0,1,2,7,0,0
D. Thomas,FLA,2,1,0,0,1,0,3,1,7,2,1,0
Z. Beach,CCAR,3,2,2,0,1,0,7,3,3,6,0,0
C. Chadwick,UGA,3,1,1,0,0,0,2,0,2,2,0,0
B. Paulsen,STON,3,2,1,0,0,2,1,0,1,8,0,0
E. Schwartz,GW,2,2,0,0,0,0,11,1,0,1,0,0
J. Delossantos,WM,3,2,0,0,0,0,2,0,2,1,3,0
A. Cecere,PSU,2,1,0,0,0,0,4,3,1,3,0,0
J. Sweeney,RUTG,0,2,0,0,0,1,8,0,2,5,0,0
B. Eidson,KENN,1,5,1,0,0,0,5,0,0,2,0,0
L. Lesch,RID,1,3,3,0,0,0,3,0,0,3,0,0
L. Harrill,CAMP,3,3,0,0,0,0,7,1,2,2,0,0
B. Zmarzlak,GT,1,1,1,0,0,0,1,2,2,2,0,0
D. Stahl,ORU,2,4,1,0,1,0,4,0,2,6,0,0
M. Campagna,SF,0,1,2,0,1,0,3,0,1,3,0,0
J. Corona,LT,0,2,1,0,1,0,3,0,1,2,2,0
M. Greer,BAY,0,2,2,0,0,0,3,1,1,5,0,0
H. Padden,MONM,1,1,1,0,1,0,0,1,4,4,0,0
A. King,ETSU,1,2,0,0,0,1,2,0,2,2,1,0
A. Kryszczuk,UNLV,2,2,0,0,0,0,0,1,2,5,1,0
J. David,SHSU,2,2,2,0,1,0,2,0,2,3,1,0
J. Stallcup,SIUE,2,1,1,0,0,0,0,0,2,6,0,0
C. Goodman,ME,2,0,0,0,0,0,4,0,0,4,0,0
S. Baumgardt,ND,2,4,0,0,0,1,6,0,2,2,0,0
K. Pettis,OKLA,1,4,0,1,1,0,2,0,3,2,0,0
P. Landwehr,BC,2,2,1,0,0,0,3,0,2,2,0,0
M. Dunaway,JMU,3,4,1,0,0,0,0,1,6,1,1,0
T. Cotto,QUC,4,0,0,0,0,1,3,1,2,3,1,0
M. Bingham,LSU,3,2,0,0,0,0,4,3,3,2,1,0
N. Ericsson,VCU,5,3,0,0,0,0,0,0,2,1,0,0
J. Starke,VMI,3,3,0,0,1,0,2,1,5,1,0,0
T. DeMartino,XAV,2,3,0,0,0,0,3,1,0,2,1,0
I. Cleary,OAK,3,5,2,0,0,0,5,0,1,2,1,0
S. Orduno,SJSU,3,3,1,0,0,1,1,2,3,5,1,0
J. Sierra,FDU,1,3,1,0,0,0,2,1,2,0,1,0
H. Dorraugh,SJSU,3,3,2,0,1,0,5,0,0,3,0,0
R. Nicholson,UK,1,2,1,0,1,0,2,0,2,2,0,0
K. Kapuscinski,MRST,2,1,2,0,0,0,2,0,0,3,0,0
J. Hollerbach,GTWN,5,5,0,0,1,1,2,1,3,3,1,0
W. Worthington,USD,2,2,0,0,0,0,6,0,1,2,1,0
T. Laneve,VAN,0,3,1,0,1,0,4,0,2,2,0,0
M. Becchetti,GT,6,1,0,0,1,0,3,1,3,2,0,0
T. Cobb jr.,TROY,2,5,1,1,0,0,1,0,0,6,0,0
S. DiTomaso,GW,0,4,0,1,0,0,4,1,2,5,3,0
C. Almanza,SMC,2,2,2,0,1,1,4,0,3,2,0,0
J. Yakubinis,ETSU,1,3,0,0,0,0,3,0,2,4,0,0
G. Heiser,SEA,0,1,3,0,0,0,3,0,4,3,0,0
P. Vossen,SBON,1,4,1,0,0,1,5,0,0,2,1,0
L. Spillane,UCI,0,2,0,0,0,0,1,1,4,4,1,0
J. Winsett,RID,2,3,0,0,0,0,5,1,1,2,0,0
K. Ewell,UIC,1,0,1,0,0,1,3,0,3,3,0,0
J. Spiegel,PITT,0,0,2,0,0,0,3,0,2,3,0,0
X. Carter,BUT,2,4,0,0,0,0,8,0,2,4,0,0
T. Macgregor,NE,5,5,2,1,1,0,4,0,2,6,0,0
K. Hopson,CHAR,6,0,1,0,0,0,2,0,3,3,0,0
V. Castillo,UNO,5,3,0,0,0,0,4,4,1,3,0,0
A. Finney,OHIO,2,2,0,0,0,1,3,1,2,0,1,0
K. Kinkade,UNM,2,2,1,0,0,0,1,1,4,0,1,0
B. Hord,EVAN,0,1,3,0,0,0,3,0,5,3,0,0
S. Sass,WRST,3,7,3,0,1,1,1,0,3,4,1,0
C. Harper,LIU,0,2,0,0,0,0,4,0,0,6,1,0
B. Rosengard,UCSD,2,4,2,1,1,0,2,1,4,5,0,0
M. Kluska,UCF,0,2,0,0,0,0,3,0,2,3,1,0
S. Scherry,EVAN,3,2,2,0,0,0,2,0,2,0,0,0
D. Jackson jr.,JVST,0,1,3,0,1,0,2,0,0,5,0,0
T. Stone,NEB,1,3,0,0,2,1,5,0,3,6,0,0
K. Higgins,UNLV,0,2,0,0,0,0,3,2,0,2,1,0
C. Cozart,UNCG,2,1,1,0,2,1,5,1,5,1,0,0
J. French,HOU,3,1,1,0,1,0,3,0,1,0,0,0
A. Tierney,MSM,0,2,1,0,0,0,3,0,2,2,0,0
K. Hannahs,VALP,1,2,1,0,0,0,1,2,4,2,0,0
B. Mcclellin,LIB,2,1,3,0,1,0,4,1,0,6,0,0
J. Rolling,GTWN,7,4,2,0,0,0,4,0,2,1,1,0
S. Benjamin,HBU,0,2,2,0,0,1,3,1,1,4,1,0
J. English,KU,1,1,0,0,1,1,2,0,3,4,0,0
K. Jones ii,NMSU,5,1,1,0,1,0,4,1,1,0,0,0
J. Wagner,TOWS,0,4,1,0,0,1,3,0,0,9,0,0
P. Coddou,NICH,2,8,1,0,1,0,7,0,4,2,1,0
S. Trinidad,AMCC,0,1,2,0,0,0,3,0,3,3,1,0
N. Becker,RICE,5,4,2,0,0,0,4,0,3,5,1,0
K. Roberts,UTAH,0,4,2,0,1,0,5,2,0,6,2,0
A. Brown,MER,3,1,0,0,1,0,1,0,3,6,2,0
Z. Corbin,KENN,0,1,0,0,0,1,7,0,2,2,2,0
W. Butcher,TROY,3,3,2,0,3,0,2,0,2,4,0,0
L. Mcfadden-ackman,NKU,1,6,3,0,2,2,5,0,2,7,1,0
T. Leach,DEL,0,1,1,0,0,0,5,0,2,2,0,0
S. Biller,LMU,1,0,0,0,1,1,3,2,0,3,1,0
R. Jackson,USC,3,1,1,0,0,0,3,0,5,2,2,0
Z. Raba,NAVY,1,3,0,0,0,0,5,3,1,2,0,0
J. Hamberg,GONZ,0,2,1,0,0,0,4,2,1,4,0,0
T. Fogarty,SLU,4,5,1,0,1,3,3,0,6,4,0,0
D. Buggs,UAB,0,3,0,0,0,0,3,0,2,3,0,0
H. Brown,PEAY,1,2,0,0,0,0,3,1,1,1,1,0
M. Blessinger,BEL,0,0,0,0,0,0,6,0,2,5,0,0
T. Austin,MIZZ,1,1,0,1,0,0,5,3,2,4,1,0
C. Schmidt,SMC,2,0,0,1,1,0,8,0,2,2,0,0
C. Bradshaw,PEPP,0,3,0,0,0,0,2,0,3,2,0,0
D. Brutcher,USF,4,1,0,0,0,1,1,0,1,3,1,0
I. Farrow,FGCU,0,1,4,0,2,2,7,1,5,6,0,0
C. Funk,PITT,4,1,2,0,0,1,4,0,4,1,0,0
T. Borom,GRAM,5,0,1,0,0,2,2,0,2,4,1,0
C. Kendle,UCI,2,3,0,0,0,0,3,0,2,5,1,0
T. Stauss,SEMO,3,3,0,0,0,0,3,1,3,4,0,0
G. Napier,SMC,2,3,2,0,0,0,1,0,2,6,0,0
D. Gellos,SEA,3,2,2,0,0,0,2,2,3,1,1,0
T. Douglas,DAV,1,4,0,0,0,0,2,0,0,2,3,0
D. Woodcox,TTU,4,2,0,0,1,0,2,0,1,2,1,0
K. Schuessler,TEX,3,5,1,0,2,0,0,0,0,2,1,0
B. Heidal,OAK,0,2,2,0,1,0,3,0,2,4,2,0
T. Swaim,VMI,3,5,0,0,1,0,0,0,3,4,1,0
T. Kaufman,UNCA,3,4,1,0,0,1,0,0,3,4,0,0
S. Wilks,USM,3,2,1,0,1,2,2,1,2,6,2,0
J. Eichelberger,JKST,2,2,1,0,0,0,1,0,2,2,0,0
P. Capobianco,WEBB,3,0,1,0,0,0,3,1,3,3,0,0
B. Symlar,MTU,3,2,0,0,0,0,4,0,1,2,0,0
J. Haze,SELA,2,2,1,0,1,0,6,0,3,3,0,0
J. Bulger,VAN,1,0,0,0,0,0,4,1,2,2,1,0
C. Ingram,KSU,3,3,0,0,0,0,8,0,0,1,0,0
S. Stroh,WICH,0,1,0,1,2,0,3,1,1,3,1,0
A. Espinal,VAN,3,0,2,0,1,1,5,0,1,8,0,0
B. Fahr,PRE,4,2,1,0,0,0,1,0,6,4,1,0
J. Wetherington,PRE,1,3,0,0,0,0,4,0,3,2,0,0
T. Mccants,ALA,1,3,1,0,0,0,9,0,4,3,0,0
D. Mcintyre,UNA,2,0,0,0,0,0,3,0,1,5,2,0
M. Daly,UK,2,2,1,0,0,0,2,2,3,4,0,0
D. Camp,LONG,1,0,0,0,1,0,3,1,1,3,0,0
R. Church,UK,2,0,1,0,0,0,1,3,1,2,2,0
B. Short,CCSU,2,1,1,0,0,0,1,0,3,3,0,0
E. Fox,STON,0,4,1,0,0,0,1,0,5,8,1,0
B. Sailors,PFW,2,0,0,0,0,0,3,0,0,4,1,0
D. Leach,MOSU,2,1,0,0,1,0,7,0,1,4,0,0
C. Conniff,WAG,3,4,0,0,0,0,8,1,4,3,2,0
C. Bufford,GRAM,3,1,1,0,1,0,3,0,2,1,0,0
S. Trimble,GMU,2,6,0,1,1,0,3,2,2,3,3,0
B. Rutter,MTU,4,6,1,0,2,0,3,1,3,2,2,0
D. Sturgeon,CARK,2,5,1,0,3,0,4,1,3,5,1,0
E. Bates,LT,2,2,3,0,1,1,1,1,2,3,0,0
C. Wilkerson,UNC,0,2,0,0,0,0,1,1,1,6,0,0
B. Murtha,NAVY,3,3,1,0,0,0,2,2,0,1,0,0
S. Trevino,UALR,2,0,0,0,0,0,6,0,0,4,0,0
C. Hassert,VILL,5,2,1,0,0,0,4,2,1,4,1,0
A. Joe,AFA,1,4,0,0,0,0,1,0,3,4,0,0
C. Petosa,BRY,6,1,1,0,0,1,1,4,0,2,0,0
N. Clifford,CREI,1,5,1,0,1,0,0,1,1,2,1,0
B. Bobo,LMU,0,2,0,0,1,0,4,0,3,2,0,0
A. Peraza,USD,2,3,1,0,0,0,2,0,1,4,3,0
J. Johnson,KENT,3,1,0,0,1,0,4,1,2,4,0,0
J. Gregson,IW,1,3,1,0,2,0,3,0,3,2,0,0
C. Gross,UNCO,3,0,1,0,0,0,2,0,4,4,1,0
R. Charles,UNLV,1,2,0,0,0,0,1,2,2,2,1,0
W. Binder,ALBY,3,5,1,0,0,0,4,0,0,5,1,0
C. Johnson,UNCA,5,2,2,0,0,1,2,1,1,2,1,0
J. Berini,ECU,2,4,0,0,0,0,5,1,5,3,2,0
J. Stevens,PUR,2,3,1,0,0,0,1,1,0,2,0,0
L. Forsythe,OKST,1,5,0,0,1,0,6,0,0,3,1,0
J. Donahue,CMU,0,3,0,0,0,0,3,4,0,3,0,0
E. Erato,NIU,2,6,0,0,0,3,5,0,1,5,0,0
J. Corson,BUCK,0,2,0,0,2,0,4,0,1,3,0,0
Z. Lane,MILW,1,5,1,0,0,0,6,0,0,1,2,0
A. Ungar,SHU,1,1,1,0,0,0,5,0,1,1,0,0
T. Livermore,NW,4,2,0,0,0,0,6,3,3,6,2,0
L. Cheng,ILST,1,1,0,0,0,0,3,1,2,2,0,0
C. Stallings,AFA,3,0,0,0,1,1,6,0,0,1,0,0
G. Arnone,NW,6,2,0,0,0,0,6,0,1,2,2,0
J. Steil,NDSU,2,3,1,0,0,1,3,1,2,3,0,0
M. Colopy,IND,1,2,1,0,0,0,4,0,1,5,2,0
K. Keister,MD,3,5,1,0,0,0,3,1,3,4,0,0
K. Hannon,PSU,2,2,0,0,0,0,4,0,4,4,1,0
B. Whalen,UVA,2,8,1,0,0,1,1,1,4,3,0,0
K. Corl,NIAG,1,4,1,0,0,0,5,0,2,0,0,0
C. Rhee,AKR,1,5,0,0,0,0,5,1,3,3,1,0
F. Pyatt,AKR,3,1,1,0,0,0,11,1,4,4,1,0
E. Good,CCSU,2,0,0,0,1,0,1,0,3,3,0,0
H. Pasqualini,CCSU,0,4,0,0,0,1,0,0,0,5,1,0
C. Wells,USC,0,1,0,0,0,0,8,0,0,3,1,0
M. Prisco,ALBY,1,1,1,0,1,0,5,0,1,4,2,0
C. Genaro,FOR,1,2,0,0,0,1,2,0,3,3,0,0
R. Picollo,JOES,0,2,1,0,3,1,2,0,1,4,1,0
J. Hegemann,CIN,1,1,1,0,0,0,3,1,3,4,0,0
D. Stengren,CMU,0,2,0,0,0,0,1,0,5,3,0,0
B. Duhon,MCNS,2,6,0,0,0,0,9,0,2,12,0,0
B. Rowe,NKU,1,4,1,1,0,0,3,0,4,4,0,0
K. Fougerousse,EVAN,2,1,1,0,0,0,5,0,1,2,0,0
B. Newton,FRES,1,5,2,0,0,0,0,0,2,7,2,0
T. Williams,ND,2,2,1,0,2,0,1,0,1,1,1,0
C. Wall,JOES,4,5,0,0,0,0,3,0,1,4,0,0
B. Kasper,ORST,3,2,1,0,1,0,3,0,0,1,0,0
R. Thiesse,FOR,1,4,0,0,0,1,2,1,2,4,1,0
J. Dunion,DEL,2,2,1,0,0,0,3,0,2,4,0,0
M. Hitman,JOES,0,1,2,0,0,0,1,0,0,7,0,0
D. Tenney,NEV,2,1,1,0,1,0,0,0,2,2,1,0
M. Deprey,XAV,6,1,2,0,1,0,4,0,3,4,2,0
B. Skettini,RID,2,1,0,0,1,0,2,0,3,3,0,0
M. Ward,NIAG,2,2,1,0,0,1,1,0,2,2,1,0
T. Davis,FRES,0,3,1,0,1,0,2,0,1,2,0,0
M. Derosa,QUIN,2,2,0,0,0,0,3,0,2,3,1,0
W. Henseler,PENN,0,2,0,0,1,0,1,0,3,7,1,0
N. Oakley,UCSB,2,2,2,0,0,0,5,1,3,3,2,0
J. Gorman,PRE,1,1,1,0,0,0,4,0,2,1,1,0
D. Vogel,MURR,3,1,1,0,1,1,5,0,1,6,1,0
B. Desjardins,NIAG,2,1,2,0,0,1,0,0,2,5,1,0
T. Long,MSM,3,4,0,1,0,0,1,0,3,2,0,0
F. Marinelli,MAN,2,4,0,0,0,0,2,1,2,2,1,0
R. Hien,SIE,2,0,2,0,0,0,0,0,1,4,1,0
T. Hopfe,FRES,4,3,1,0,0,1,2,1,3,5,3,0
B. Cavey,AKR,4,3,1,0,0,2,4,1,3,3,0,0
S. Swenson,QUIN,2,0,1,0,0,1,6,0,2,4,0,0
B. Fadio,LAF,2,2,0,0,0,0,2,0,2,3,0,0
A. Ciufo,CLEM,3,2,1,0,1,0,4,0,2,2,0,0
K. Fitzer,CSN,0,1,3,0,2,0,2,0,0,3,1,0
B. Eike,VCU,4,3,0,0,1,0,3,1,4,3,0,0
B. Tolley,APP,1,3,0,0,0,0,6,1,0,4,0,0
J. Tribett,AAMU,1,2,0,0,0,0,4,1,0,2,0,0
J. Peyton,TOWS,2,4,4,0,0,0,2,1,2,6,1,0
J. Hyde,GTWN,4,3,1,0,0,0,4,1,4,9,0,0
C. Taylor,EMU,0,0,0,0,0,0,5,0,3,2,1,0
K. West,WVU,1,4,0,0,0,0,3,0,0,4,0,0
B. Kleszcz,UCSD,2,0,0,0,1,0,2,0,5,3,0,0
A. Brewer,UNCG,3,1,0,0,1,0,4,0,0,5,0,0
A. Burns,WEBB,1,1,2,0,1,2,3,1,0,4,0,0
T. Sorrentino,COFC,2,0,1,0,0,0,2,0,1,4,0,0
L. Torres,WAG,2,7,0,0,0,0,4,0,4,5,0,0
C. Cook,UNC,2,2,0,0,2,0,0,0,4,3,1,0
M. Bergevin,FAIR,2,3,0,0,2,0,3,1,1,2,0,0
A. Rausch,OHIO,1,4,0,0,1,0,3,0,1,1,0,0
D. Fabian,AUB,3,3,1,0,4,0,1,0,4,6,1,0
M. Brooks,KU,2,4,1,0,0,0,3,0,5,1,0,0
M. Cedarburg,UCF,2,1,0,0,1,1,1,0,0,6,0,0
J. Lane,UNA,0,1,1,0,1,0,3,0,2,4,2,0
L. Chambers,MOSU,3,1,1,0,0,0,4,0,1,3,1,0
S. Thomas,SELA,1,3,2,0,2,0,4,1,0,0,1,0
T. Salvaggio,SELA,3,1,1,0,0,0,4,1,3,4,0,0
T. Nicholson,GW,4,1,0,0,0,0,2,0,2,3,0,0
M. Black,WEBB,3,3,0,0,1,0,2,0,2,3,0,0
D. Corona,MIZZ,1,0,0,0,0,0,4,0,1,3,1,0
B. Petrone,LAF,3,1,1,0,1,0,6,0,0,2,0,0
N. Costello,UCSD,5,0,0,1,1,0,4,3,1,2,1,0
B. Burckel,IND,2,0,1,0,0,1,4,1,2,4,1,0
C. Nickens,HOU,1,4,0,0,0,0,2,0,3,2,2,0
C. Pracht,GMU,0,1,0,0,0,0,3,0,2,9,0,0
C. Lanowitz,UNCA,0,4,2,0,0,0,4,0,3,5,0,0
G. Knipp,CAMP,3,1,1,0,7,0,5,0,5,0,0,0
B. Church,APP,1,0,2,0,0,0,1,0,3,3,0,0
R. Johnson jr.,RUTG,2,8,0,0,1,1,5,3,3,8,1,0
M. Kurata,CSB,3,2,1,0,1,0,1,0,1,2,1,0
L. Arnold,WRST,1,1,0,0,1,2,2,0,1,6,0,0
J. Jackson,GAST,3,2,1,0,0,0,3,0,0,2,0,0
G. Antillon,CBU,2,4,0,0,0,0,1,1,3,3,1,0
A. Henkle,UIC,5,0,1,0,1,1,0,1,0,2,0,0
R. Petersen,UIC,3,2,0,0,0,0,0,0,3,2,0,0
E. Putnam,DAV,2,1,1,0,0,0,1,1,2,2,1,0
T. Gillen,CREI,1,3,2,0,0,1,3,0,2,5,1,0
K. O'Connor,QUIN,3,4,1,0,1,0,5,0,0,1,0,0
J. Rogers,WICH,0,4,0,0,1,0,4,3,1,4,1,0
M. Braswell,LSU,1,0,1,1,1,2,2,1,5,7,0,0
D. Cash,KENN,1,5,0,0,1,2,4,0,1,4,1,0
L. Mccollum,UCSB,0,3,0,0,0,0,3,1,4,4,0,0
J. Mayo,USF,2,2,2,0,0,0,4,0,1,0,1,0
G. Schulz,TULN,2,1,0,0,2,0,4,0,3,6,0,0
T. Cotten,SPC,2,2,0,0,3,0,2,0,0,1,1,0
D. Gonzalez jr.,MIA,2,4,3,0,0,1,3,0,0,4,1,0
E. Villegas,MIA,2,6,2,0,0,0,1,1,5,6,0,0
D. Baker,WRST,1,5,2,1,0,0,4,0,1,3,0,0
W. Hodo,ALA,5,1,1,0,2,0,7,2,0,3,0,0
J. Vastine,VAN,3,1,1,0,0,0,7,0,0,6,1,0
D. Mize,SIUE,0,1,1,0,0,0,3,0,2,5,0,0
Z. Ehrhard,OKST,4,6,3,0,0,0,2,1,5,3,1,0
J. King,UNCO,2,6,2,0,0,1,4,0,1,9,3,0
C. Cromer,TXSO,1,2,1,0,0,0,2,1,2,5,0,0
C. Wagner,UNCO,1,3,0,0,0,0,3,1,5,5,1,0
L. Haskell,BING,1,2,0,0,0,1,0,0,4,6,4,0
E. Sullivan,BING,1,4,0,0,0,0,4,1,4,3,0,0
D. Hale,NMSU,1,1,0,0,1,0,2,0,2,3,1,0
M. Moris,UOST,0,3,1,0,0,0,4,0,1,2,4,0
J. Vos,UOST,2,1,1,0,0,0,2,1,1,2,0,0
T. Willhoite,LIP,3,3,2,1,0,0,5,2,3,5,0,0
M. Kelley,NIU,1,2,1,0,1,0,3,2,2,5,0,0
C. Schrier,UCLA,3,3,1,0,1,0,4,0,0,5,0,0
A. Camarillo,TXAM,1,0,2,0,0,0,2,0,2,3,2,0
A. Guerrero,WASH,0,3,1,0,0,0,2,0,3,1,0,0
L. Maxwell,TCU,3,3,1,1,0,0,1,1,0,2,0,0
I. Pennington,AKR,1,4,0,0,0,0,0,0,1,3,1,0
R. Green jr.,CAL,2,1,1,0,1,0,8,1,1,1,1,0
C. Hendriks,CSB,2,3,1,0,0,0,3,1,0,4,0,0
C. Davis,EKY,0,2,3,0,0,0,1,0,1,3,1,0
M. Corlew,QUC,2,1,1,0,0,0,7,1,1,2,0,0
R. Ferremi,ALBY,1,1,0,0,0,0,8,0,0,5,2,0
E. Goforth,STON,1,2,0,0,0,1,2,2,5,4,0,0
B. Tibbitts,IND,2,3,1,1,0,1,5,0,1,2,2,0
C. Mathison,IND,3,3,2,0,1,0,6,2,0,3,3,0
J. Spyke,WCU,2,2,1,0,0,0,2,0,3,3,0,0
E. Saldivar,FRES,2,6,0,1,0,0,6,1,0,5,0,0
J. Sosa,FDU,1,1,2,0,0,1,2,1,1,4,1,0
C. Summerhill,NIU,3,1,2,0,1,0,4,0,2,3,0,0
N. Wang,BC,1,1,0,0,3,0,3,0,3,5,0,0
B. Jones,KSU,6,1,0,1,0,0,6,0,2,1,0,0
G. Lashure,EIU,1,0,0,0,0,0,3,1,4,1,0,0
C. Hodges,JAC,3,1,0,0,0,0,4,0,3,2,1,0
G. Brown,CCAR,4,3,2,0,0,1,7,1,4,4,0,0
B. Preap,UCSD,1,2,1,0,0,0,7,1,2,3,0,0
T. Dooley,CCAR,1,2,0,0,1,0,4,1,3,7,0,0
C. Richmond,WMU,2,6,0,0,2,0,9,1,0,2,1,0
J. Blount,AMCC,2,1,0,1,0,1,0,0,1,6,0,0
C. Baillargeon,HC,5,0,0,0,1,0,4,0,2,1,1,0
K. Debarge,ULL,2,3,0,0,0,1,3,2,3,7,0,0
M. Ali,MRST,2,4,2,0,0,0,1,0,0,4,1,0
G. Noriega,BRY,2,4,0,0,1,0,3,2,0,3,2,0
C. Mathis,COFC,1,1,2,1,0,0,3,1,1,1,1,0
T. Hodge,HBU,2,3,0,0,0,1,2,0,1,2,1,0
J. Tibbs,FSU,2,2,2,1,0,0,3,0,6,2,2,0
T. Rank,RICE,2,2,2,0,0,0,7,1,5,2,1,0
F. Trimble,JMU,3,5,0,0,1,0,4,0,1,10,2,0
J. Brown,CBU,1,0,1,0,0,0,2,4,1,1,0,0
J. Paino,CBU,4,3,1,0,1,0,4,0,2,4,0,0
G. Miller,EMU,1,5,1,0,0,0,2,0,0,2,0,0
J. Orr,MD,5,3,0,0,1,0,1,1,4,3,3,0
D. Pedanou,DAY,3,1,2,1,0,0,2,0,1,6,0,0
S. Dalton,NCAT,2,0,3,0,0,0,3,0,0,2,0,0
A. Sundean,UCF,0,3,1,0,1,0,3,0,0,5,1,0
T. Ector,CHAR,1,2,0,0,0,0,5,1,2,4,1,0
B. Mercado,UNCA,0,2,0,0,0,1,4,0,0,3,2,0
R. Burnett,UNCA,1,3,0,0,1,2,4,1,2,4,0,0
B. Norton,JVST,3,3,0,0,0,0,0,0,2,3,3,0
A. Mccoy,HOF,4,5,2,0,0,0,4,0,4,3,2,0
T. Morrison,TSU,0,1,2,0,0,0,4,0,1,2,0,0
M. King,UTSA,0,4,0,0,1,0,2,1,3,0,0,0
K. Culpepper,KSU,0,3,0,0,1,0,1,1,1,2,3,0
R. Pelletier,KSU,2,2,1,0,0,0,3,0,1,1,0,0
M. Santos,DBU,0,7,0,0,4,0,4,0,7,2,3,0
N. Humphreys,DBU,5,5,0,0,0,0,11,1,4,4,2,0
J. Newton,UNCW,2,0,0,0,0,0,5,0,2,3,0,0
A. Staehely,AC,0,3,0,0,0,1,5,0,1,1,0,0
E. Hainline,ORST,0,1,0,0,2,1,5,1,1,4,0,0
J. Hinson,WCU,0,0,2,0,0,0,7,3,2,2,0,0
R. Callahan,WICH,1,4,0,0,0,0,6,2,3,4,1,0
C. Calabrese,JMU,3,8,1,0,2,0,5,1,1,4,0,0
R. Dooley,JMU,5,6,2,0,1,0,2,0,4,6,2,0
J. Jenkins,ME,2,1,0,0,1,0,4,0,2,1,0,0
C. Higgs,ULL,1,0,1,0,0,0,8,1,1,2,0,0
S. Keys,BUCK,3,2,1,0,0,0,2,3,1,1,1,0
O. Washburn,TTU,1,3,0,0,0,0,2,0,1,1,2,0
G. Caulfield,ARIZ,0,3,0,0,0,0,4,0,2,4,0,0
D. Thompson,CAMP,0,2,1,0,0,0,5,0,0,6,1,0
E. Apodaca,BAY,3,5,0,0,0,0,2,1,7,5,0,0
J. Nicklaus,OKLA,3,1,2,0,1,0,4,0,3,2,1,0
R. Brome,SELA,2,4,1,0,0,0,3,1,4,3,1,0
S. Solari,VILL,1,1,0,0,0,0,2,2,2,3,0,0
J. Schroeder,FAU,1,3,2,0,1,1,1,0,3,2,0,0
C. Dorighi,BUT,1,6,1,0,0,3,5,0,3,8,0,0
L. Hernandez,INST,0,6,1,0,1,0,7,0,4,2,0,0
T. Kole,FGCU,0,1,0,0,0,0,6,0,2,3,0,0
G. Ganun,BGSU,1,1,0,0,3,1,2,0,1,2,0,0
B. Bell,UTM,0,0,2,0,0,0,3,0,1,5,0,0
M. Mugan,SEMO,0,6,0,0,2,0,4,0,4,5,0,0
M. Williams,SCU,2,2,0,1,1,1,4,1,1,7,0,0
C. Mcginnis,EVAN,0,3,1,0,0,0,6,0,4,1,1,0
D. Nevar,WMU,1,3,0,0,0,0,5,2,5,6,0,0
A. Stephan,UVA,4,8,2,0,0,0,6,1,2,6,3,0
C. Tuft,TULN,3,2,0,1,1,0,5,1,3,6,0,0
S. Canton,NDSU,2,2,0,0,0,1,5,0,4,4,2,0
T. Smith,ORST,2,2,2,0,0,0,4,0,1,6,0,0
J. Wade,LIU,1,1,0,0,0,0,3,0,3,3,2,0
C. Moore,TENN,4,4,1,0,2,0,1,0,2,4,0,0
H. Ensley,TENN,1,3,0,0,0,1,5,2,1,5,0,0
D. Burkes,UK,2,3,0,0,0,1,3,3,1,6,0,0
K. Diaw,LMU,0,3,0,0,1,0,1,1,2,2,1,0
M. Miceli,STON,2,1,0,0,0,0,1,0,5,4,4,0
B. Anderson,LOU,1,4,0,1,1,0,2,3,0,2,0,0
T. Elliott,CIT,1,2,0,0,0,0,3,2,3,1,1,0
M. Garza,RICE,2,6,0,0,1,0,4,0,3,6,1,0
P. Schulze,CAL,1,3,0,0,1,0,2,1,2,1,0,0
T. White,SAC,0,1,0,0,1,1,4,0,1,4,0,0
A. Perez,DSU,0,3,1,0,0,0,4,0,2,2,3,0
K. Fukofuka,SJSU,0,4,1,0,0,1,3,1,1,3,0,0
R. Spenrath,UNM,3,1,1,0,0,0,3,1,3,2,0,0
K. Watanabe,SF,1,1,1,0,0,0,5,3,0,0,0,0
J. Lopez,UCRV,1,0,1,0,0,0,5,0,2,1,1,0
A. Aroz,ORE,1,2,0,0,0,0,3,1,2,2,0,0
A. Armas,USD,3,1,0,0,0,1,4,0,2,3,0,0
T. Rollauer,CIT,2,4,1,0,0,0,0,0,0,3,2,0
T. Evans,FLA,5,7,2,0,2,0,5,1,2,3,1,0
J. Correa,CHAR,0,2,0,0,1,1,9,0,5,2,0,0
T. Tavarez,WEBB,3,0,1,0,1,0,3,0,0,3,0,0
J. Thorbahn,SC,1,2,2,0,0,0,1,0,1,3,0,0
D. Pacheco,RICH,1,3,0,1,1,0,2,1,0,7,0,0
J. Dragoo,PRE,4,7,1,1,3,0,0,0,4,1,0,0
H. Katschke,DSU,0,2,1,0,2,0,4,0,1,2,0,0
C. Lopez,ALST,2,1,3,0,1,0,3,2,0,4,2,0
B. Gumpf,ND,0,2,1,0,0,1,2,0,0,5,0,0
T. Peters,QUC,0,0,1,0,0,0,4,0,0,6,2,0
M. Prevesk,UCF,3,5,1,0,0,0,2,0,2,4,0,0
C. Crawford,BRWN,0,1,0,1,2,0,3,1,0,1,1,0
G. Boree,BRWN,2,4,3,0,0,0,6,0,1,3,0,0
N. Brasher,BRWN,4,3,0,0,0,1,4,0,4,1,0,0
M. Artzberger,ULM,2,1,0,0,1,0,3,0,1,3,1,0
G. Freeman,PEAY,1,0,0,0,0,0,2,1,4,2,0,0
M. Polk,VAN,0,1,1,0,1,0,4,1,1,2,1,0
E. Alvarez,NICH,4,6,5,0,3,0,3,0,1,3,0,0
J. Colon,MIZZ,1,1,0,0,0,0,4,0,4,1,0,0
S. Mcnulty,BC,3,4,0,0,0,0,2,0,2,3,0,0
D. Ferrara,FAIR,3,1,0,1,0,0,3,0,3,4,0,0
D. Kraft,EMU,3,1,0,0,1,0,3,0,1,1,0,0
J. Cotrone,DAV,5,1,1,0,0,1,5,0,1,2,0,0
P. Roche,BC,1,2,0,1,0,0,3,3,2,1,0,0
R. Lastres,CHAR,1,2,0,0,2,1,5,0,6,2,0,0
C. Castillo,TXSO,0,3,0,0,0,0,5,0,4,0,0,0
J. Davis,COR,4,0,0,0,0,0,4,2,0,0,2,0
M. Barnhorst,COR,2,0,0,0,0,1,2,0,2,5,2,0
N. Waugh,COR,4,2,0,0,0,2,5,0,0,3,1,0
M. Jensen,COR,3,0,0,1,1,0,1,1,3,4,3,0
L. Hugo,EMU,1,1,1,0,0,0,6,1,2,0,2,0
A. Meola,OKST,2,4,1,0,0,0,4,1,5,4,0,0
J. Bay,PEAY,0,4,4,0,2,1,0,0,4,2,0,0
D. Obee,DUKE,1,5,2,0,1,0,7,0,2,5,0,0
L. Braunschweig,UAB,2,2,0,0,0,0,3,0,3,1,1,0
V. Mauro,NIAG,1,1,0,0,0,0,1,0,4,5,1,0
J. Hugus,PRE,3,4,0,0,0,0,3,0,3,1,0,0
M. Scannell,PRIN,2,0,1,0,1,0,3,1,1,6,1,0
K. Vinci,PRIN,1,0,0,0,1,0,6,0,2,2,0,0
J. Kelly,PRIN,1,0,1,0,0,0,7,2,1,0,0,0
C. Shapiro,PRIN,1,3,2,0,1,0,4,0,2,3,0,0
S. Sakaino,CSN,1,4,1,0,0,0,1,0,1,2,0,0
A. Lapread,ALST,5,2,0,1,1,0,4,0,4,0,1,0
S. Stephens,UNM,1,5,0,1,0,1,1,1,1,2,0,0
H. Antillon,UTAH,2,2,0,0,0,0,2,1,2,3,0,0
J. Murphy,GRAM,0,4,0,0,0,0,2,0,1,2,1,0
A. Quintero,APP,1,2,0,0,0,0,5,1,2,0,0,0
J. Simons,CSN,0,0,1,0,2,1,3,0,3,3,1,0
G. Bozzo,NE,1,0,0,0,0,0,4,0,3,3,0,0
J. Steidl,JAC,1,2,1,0,0,0,8,2,1,3,0,0
A. Redahan,CCSU,0,3,0,0,0,2,1,0,0,5,1,0
H. Autrey,SHSU,0,1,0,0,0,0,3,0,4,3,0,0
B. Kender,BUCK,3,2,0,0,1,0,2,0,1,2,0,0
J. Baran,WKU,2,3,1,0,0,0,2,0,1,3,1,0
M. Florides,HOF,1,4,2,0,0,0,2,0,0,1,1,0
C. Hanson,MASS,3,0,0,0,0,1,5,1,0,5,0,0
J. Pierantoni,YALE,1,0,0,0,0,0,4,0,2,3,0,0
T. Harrington,UAB,1,1,0,0,0,1,2,0,2,2,3,0
M. Ryan,UMBC,2,2,2,0,0,0,3,0,0,1,1,0
W. Clark,DUKE,3,4,0,0,1,0,2,6,3,3,0,0
A. Calarco,MD,2,5,1,0,1,2,9,0,1,5,1,0
K. Mallory jr.,ELON,1,4,1,0,0,0,0,0,1,3,1,0
B. North,CREI,3,3,0,0,0,1,1,1,1,4,0,0
C. Konczak,TOL,4,1,0,0,0,0,5,0,3,3,0,0
A. Donofrio,UNC,4,2,0,0,0,0,0,0,1,3,0,0
J. Trimble,UCSB,3,2,2,0,1,0,5,2,2,2,0,0
J. Bach,SIU,1,3,1,0,0,0,3,0,1,1,1,0
T. Haskins,STAN,1,3,0,0,0,1,5,0,3,2,3,0
L. Masiuk,HOF,4,3,1,0,0,0,0,0,3,1,0,0
W. Sykes,CIT,1,4,0,0,0,0,1,0,2,2,0,0
C. Titus,ARMY,1,2,0,0,0,0,3,0,3,2,0,0
A. Voitik,PEAY,0,3,0,1,0,0,2,1,1,2,0,0
M. Bowman,AKR,5,1,0,1,0,1,8,0,0,6,2,0
C. Shea,LU,1,4,1,1,0,0,0,0,1,9,0,0
J. Meyer,LU,1,1,0,0,0,0,0,0,1,9,0,0
A. Salgado,UCLA,3,0,0,0,0,0,4,1,0,2,2,0
N. Nevins,LMC,2,1,0,0,0,2,1,0,2,4,0,0
N. Upstill,PEPP,1,3,1,0,0,0,2,0,1,3,0,0
A. Bianco,HALL,1,2,1,0,0,0,3,0,0,5,0,0
J. Nett,KU,0,3,2,0,0,1,3,0,0,6,1,0
R. Hibler Jr.,JKST,3,1,2,0,2,0,2,1,0,0,0,0
M. Holton,WCU,2,1,1,0,0,1,4,0,1,2,0,0
T. Ciulla-hall,SC,1,4,0,0,0,1,2,0,1,1,1,0
G. Scavelli,SJU,2,1,1,0,0,1,4,1,3,1,0,0
T. Epstein,MOSU,1,2,3,0,0,0,3,0,2,1,1,0
D. Pastore,ULL,0,4,1,0,1,0,3,0,2,3,2,0
S. Stephenson,NWST,4,3,0,0,0,0,5,0,1,2,0,0
G. D'alessio,AC,0,5,3,0,0,0,2,1,2,4,4,0
T. Orr,KENT,3,2,0,0,3,0,5,2,0,0,0,0
W. Patchett,LMC,0,0,1,0,0,0,3,4,1,1,0,0
J. Bates,UNF,0,2,0,0,0,0,1,0,2,6,0,0
C. Caraher,BC,3,5,0,0,0,0,5,1,1,1,0,0
T. Johnson,BAY,2,3,1,0,0,0,4,1,0,5,1,0
E. King jr.,LOU,1,2,1,0,1,0,1,2,2,6,0,0
D. Gernon,SCUS,3,7,0,1,0,0,3,3,1,4,2,0
J. Hernandez,AUB,5,0,0,1,0,0,0,0,4,2,0,0
L. Sefcik,CIN,2,2,0,0,0,0,1,0,3,4,0,0
T. Rhoades,UALR,1,1,0,0,1,0,3,0,2,3,0,0
A. Seguine,UALR,1,2,0,0,0,0,1,0,1,4,1,0
C. Cannarella,CLEM,5,2,0,0,1,1,3,1,2,5,1,0
M. Stellrecht,BING,0,1,0,1,0,0,5,0,1,2,3,0
M. Swinney,ALA,2,4,1,0,0,0,2,0,1,0,1,0
C. Shelton,FLA,4,4,1,0,2,0,7,2,5,5,2,0
J. West,FSU,2,3,0,1,0,0,0,0,2,3,0,0
P. Daniels,CIT,3,2,0,0,0,1,1,0,2,1,2,0
C. Amparo,DSU,3,0,1,0,1,0,3,0,1,2,0,0
J. Colon,DSU,3,4,0,1,0,0,1,0,2,2,0,0
G. Williams,AC,3,4,0,0,1,1,2,2,2,10,0,0
M. Miesse,AC,2,4,1,0,0,0,3,1,3,5,0,0
P. Brosius,GT,4,4,2,0,0,1,1,1,2,3,0,0
E. Appelwick,M-OH,1,0,0,0,0,0,6,0,3,0,0,0
N. Iannantone,ETSU,3,4,0,0,1,1,3,1,5,1,0,0
C. Sisneros,ETSU,1,2,1,0,0,0,1,1,3,6,1,0
B. Webster,UTAH,2,3,0,0,0,1,0,1,0,9,0,0
E. Barreras,GC,0,1,0,0,0,0,1,1,1,6,1,0
D. Kane,UCSD,3,5,0,0,0,0,2,1,1,8,1,0
A. Camacho,WAG,0,1,0,0,0,1,6,0,2,3,0,0
C. Peebles,TENN,1,2,2,0,0,1,2,0,4,6,1,0
C. Riley,CAMP,2,2,0,0,0,0,2,0,3,2,2,0
P. Howard,CAMP,2,2,0,0,1,0,3,0,2,5,0,0
D. Taylor,IND,3,10,0,0,0,1,3,0,2,6,0,0
T. Pallas,EIU,1,4,0,0,0,0,1,0,2,3,0,0
N. Calero,DAV,3,2,1,0,0,0,1,0,3,1,1,0
C. Kleckner,SEA,2,3,2,0,0,0,2,0,3,6,0,0
J. Laviolette,TXAM,4,1,0,0,3,0,1,0,0,1,1,0
G. Michel,VT,1,3,1,0,1,0,4,0,1,3,0,0
C. Grady,VT,0,6,0,0,0,0,2,0,2,5,0,0
E. Moreno,ND,1,1,0,0,1,1,5,1,0,2,0,0
M. Robertson,FLA,1,1,1,0,0,0,6,0,0,3,1,0
O. Prince,VMI,3,3,1,0,0,0,4,2,0,4,1,0
G. Fitzwater,VMI,1,2,2,0,0,0,4,2,2,1,0,0
J. Koza,VMI,2,1,0,0,0,1,3,0,2,2,0,0
B. Cyr,MIA,2,3,0,0,3,0,4,0,3,2,1,0
C. Benge,OKST,5,1,4,0,1,1,4,0,3,6,1,0
T. Wulfert,OKST,3,3,2,0,0,1,2,0,6,3,1,0
D. Bargo,TENN,4,2,0,0,2,0,3,0,1,0,0,0
C. Hill,SFA,3,6,0,0,0,1,1,1,3,4,0,0
N. Brown,SFA,1,2,0,0,1,0,8,0,1,0,0,0
B. Stahlman,CHAR,0,3,1,0,0,0,6,1,2,10,0,0
A. Jaslove,ARST,0,5,1,0,2,0,4,3,0,3,0,0
M. White,ARIZ,1,5,0,0,0,0,8,0,1,0,0,0
T. Lopez,TTU,2,2,2,0,0,0,0,1,4,3,0,0
G. Harrelson,TTU,3,1,1,0,0,0,3,1,4,1,0,0
C. Howarth,CBU,0,2,0,0,0,0,6,1,2,4,0,0
B. Madron,OKLA,4,2,1,0,1,0,7,1,4,4,0,0
E. Carmichael,OKLA,3,5,2,0,1,0,1,1,3,2,2,0
H. Feinberg,NE,1,4,0,0,0,0,6,0,2,2,1,0
C. Maldonado,NE,2,1,1,0,1,0,6,0,2,4,0,0
J. Wolf,UNCG,1,3,1,0,0,2,2,1,1,7,2,0
J. Gurevitch,USD,2,6,0,0,0,1,2,1,1,3,0,0
J. Barnes iii,WM,3,3,0,0,0,0,3,1,0,0,1,0
J. Nelson,NIU,2,1,1,0,0,0,3,0,1,4,0,0
T. Albright,DUKE,0,1,1,0,0,0,7,0,3,1,0,0
C. Stelly,ULL,1,3,1,0,0,0,3,1,1,6,1,0
D. Holderbach,APP,1,4,1,0,1,0,2,1,3,2,0,0
C. Jumper,ARST,5,1,1,0,0,0,4,1,1,1,1,0
A. Grier,ARST,0,3,1,0,1,0,1,1,3,1,1,0
R. Austin,VAN,3,6,0,0,0,0,2,0,3,6,1,0
J. Davis,VAN,3,2,1,1,1,1,2,0,3,9,0,0
L. Hanson,UVA,3,3,2,0,0,0,3,1,2,7,0,0
D. Barbero,SIE,2,1,0,0,0,0,6,0,1,5,0,0
D. Faurot,FSU,2,3,1,1,0,1,1,0,4,3,1,0
J. Urban,BUT,5,5,0,0,0,1,3,0,5,4,0,0
D. Gourson,UCLA,3,5,1,0,0,1,8,1,0,8,0,0
G. Ferraro,MRSH,0,5,3,0,0,0,5,0,4,9,0,0
K. Peralta,MRSH,3,3,1,0,0,1,4,0,5,7,1,0
G. Cabrera,MRSH,1,1,1,0,0,1,6,0,2,4,0,0
J. Dunlap,NDSU,1,3,1,0,1,0,5,0,2,2,0,0
W. Aloy,ARK,2,2,0,0,0,0,4,0,0,3,0,0
W. Bermudez,UCI,0,3,0,1,0,0,2,0,2,3,1,0
J. Oyama,UCI,1,4,0,0,0,0,2,3,1,3,0,0
C. Simpson,NKU,8,5,0,0,0,0,5,0,1,3,0,0
B. Mcrae,EMU,2,4,0,0,0,0,3,0,1,2,1,0
K. Schroedle,EMU,2,3,1,0,1,0,2,0,0,1,0,0
M. Masciangelo,SAC,5,3,1,0,0,0,2,0,5,1,0,0
D. O'connell,WKU,2,5,0,0,0,1,3,1,4,4,1,0
J. Bujanda,CSB,1,1,0,0,0,0,2,1,2,5,0,0
L. Helfrick,UCD,0,4,0,0,0,0,1,0,2,5,0,0
J. Wright,UCD,2,1,0,0,0,0,2,2,1,9,1,0
A. Gouveia,UCD,2,5,1,0,0,1,1,0,1,10,1,0
J. Jones,LSU,5,2,0,0,3,0,5,0,3,2,1,0
G. Thoroman,PFW,1,9,0,1,3,0,3,1,4,4,0,0
T. Williams,NCAT,1,2,0,0,0,1,4,0,3,1,0,0
B. Hurdsman,BYU,1,1,1,1,1,0,5,1,1,5,0,0
E. Conrad,MRST,2,1,0,0,0,1,6,0,4,2,0,0
D. Dixon,UNM,2,2,1,0,0,0,3,0,1,1,0,0
G. Turley,ORST,4,1,0,0,1,0,7,0,2,4,0,0
H. Wilson,WIN,0,1,0,0,0,0,4,0,4,2,0,0
R. Teel,WIN,0,2,0,0,0,0,0,0,1,9,0,0
W. Tippett,SCAR,3,2,1,0,1,0,9,3,1,4,0,0
R. Galloway,TXST,2,1,0,0,0,0,3,0,3,5,2,0
M. Bucciero,FAIR,1,1,0,1,0,0,7,0,1,1,1,0
B. Barthol,CCAR,5,3,3,0,1,1,3,5,2,4,1,0
D. Hokuf,LU,3,3,0,0,1,0,1,1,4,3,0,0
M. Millan,WICH,2,3,0,0,0,2,2,2,4,6,0,0
T. Hudson,LIB,2,1,1,0,0,0,2,2,0,3,0,0
G. Frei,UNA,2,0,0,0,1,2,7,0,1,8,0,0
D. Perez,MAN,0,2,1,0,0,0,5,1,1,4,0,0
T. Hansen,MAN,1,1,0,0,0,0,5,0,3,4,0,0
C. Keeton,MCNS,5,4,2,0,0,1,4,1,8,5,0,0
B. Mayberry,SJU,1,3,1,0,0,0,2,1,0,1,2,0
A. Bouche,ODU,3,1,3,0,2,0,6,0,3,4,0,0
T. Eisenstat,GONZ,2,4,1,0,1,0,5,0,0,3,0,0
J. Curtis,MIZZ,1,1,1,1,0,0,3,2,3,2,0,0
C. Mcgarrh,AC,1,2,0,0,0,0,8,0,0,2,0,0
L. Yuhasz,ULL,0,0,0,0,0,1,5,1,0,7,0,0
R. Franklin,EKY,0,2,0,0,0,0,4,0,3,1,0,0
B. Belo,GW,4,2,1,0,0,0,2,0,6,0,0,0
S. Gates,GW,0,3,0,0,0,0,10,2,3,5,0,0
D. Williams,ECU,3,2,0,0,1,0,3,1,5,6,3,0
D. Hellman,ORE,0,1,1,0,0,0,6,0,1,0,1,0
J. Murray,HOU,1,2,1,1,1,0,4,1,2,2,0,0
W. Peifer,JMU,1,3,3,1,0,0,2,0,1,10,1,0
M. Mancini,JMU,5,1,2,0,0,0,8,2,2,7,2,0
C. Kurland,FLA,1,1,1,1,3,1,8,1,1,5,0,0
D. Dreiling,TENN,3,5,1,0,2,0,3,0,5,1,0,0
T. Keels,M-OH,2,1,0,0,0,0,6,1,2,0,0,0
S. King,WVU,3,2,0,0,0,2,2,0,1,11,0,0
M. Larreal,EKY,2,4,1,0,0,0,3,0,1,1,1,0
J. Bell,USA,2,3,0,0,1,2,2,1,3,4,1,0
C. Gray,PEAY,3,6,0,0,2,0,4,1,4,3,1,0
D. Pacella,ILST,2,6,2,0,0,0,6,1,1,2,1,0
H. Teplanszky,BAY,1,3,0,0,0,0,8,0,3,6,0,0
T. Gollert,MOSU,1,6,1,0,0,0,2,0,1,2,3,0
R. Fenn,CP,0,4,0,0,0,0,0,0,4,2,2,0
Z. Stewart,MOSU,1,2,0,1,2,0,3,1,1,7,0,0
J. Demucci,MONM,3,0,0,0,0,1,5,0,0,3,1,0
A. Denlinger,MONM,0,4,2,0,0,0,1,0,4,6,1,0
C. Gasser,PUR,2,4,0,0,0,0,2,0,0,3,1,0
J. Kim,MICH,2,1,0,0,0,1,3,1,3,5,1,0
H. Warren,UTRGV,1,5,0,0,1,1,1,0,2,2,0,0
A. Francis,NJIT,1,4,0,0,0,0,3,0,2,0,0,0
Z. Kent,WAG,1,2,2,0,0,0,5,0,1,4,0,0
B. Hollins,MCNS,1,2,0,0,0,0,3,1,1,2,0,0
B. Donay,FLA,1,1,1,0,1,0,5,1,1,2,0,0
H. Cooke,VT,2,4,0,0,0,0,3,1,2,1,0,0
M. Russo,USM,1,0,1,0,0,0,2,2,1,3,0,0
M. Mckernan,FRES,1,3,1,0,0,0,5,0,1,1,0,0
J. Dresselhouse,MSU,0,1,1,0,0,0,6,0,1,4,0,0
J. Nadeau,JAC,0,5,0,0,0,0,3,2,1,4,0,0
S. Seeker,AKR,7,3,1,0,0,1,5,1,3,4,1,0
J. Poist,AKR,2,6,0,0,0,0,5,0,5,9,1,0
M. Danford,UTM,0,3,0,0,0,2,9,0,0,3,0,0
G. Miller,AUB,3,2,2,0,1,0,3,0,4,4,0,0
J. Journette,NORF,2,1,2,1,1,0,7,0,2,5,0,0
T. Walton,MILW,0,0,0,1,0,0,4,0,2,2,0,0
C. Clark,WRST,1,2,0,0,0,1,3,1,0,8,0,0
L. Johnson,EMU,2,2,0,0,0,0,2,0,1,1,2,0
M. Miura,HAW,1,0,1,0,0,2,1,0,3,6,0,0
D. Dickinson,UVU,1,1,1,0,0,0,1,1,0,6,1,0
J. Gallagher,UCD,1,1,1,0,1,0,3,0,3,0,0,0
J. Allgeyer,SIU,2,2,1,0,1,0,1,0,0,3,1,0
C. Niehaus,SIND,0,2,4,0,0,0,3,0,3,4,0,0
P. Stroh,MCNS,1,2,0,0,1,0,5,0,1,1,1,0
C. Hansen,MILW,1,0,2,0,0,0,7,1,1,4,0,0
J. Jaffe,RICH,1,3,0,0,0,0,3,1,2,0,0,0
J. Gazdar,PEAY,2,5,3,0,1,1,2,0,3,5,0,0
C. Miears,TSU,3,1,0,0,0,0,2,1,1,2,2,0
L. Bland,MURR,2,0,0,0,0,0,4,1,4,4,0,0
J. Ybarra,WASH,0,1,2,0,0,0,2,0,4,5,0,0
D. Bravo,TTU,1,2,3,0,0,0,1,1,3,2,4,0
M. Belyeu,TEX,2,2,0,0,1,1,4,1,1,3,1,0
C. Evans,WIN,1,4,1,0,0,1,2,0,2,6,1,0
T. Stecko,MSM,1,2,1,0,0,0,3,0,1,1,1,0
J. Mccutcheon,MOSU,0,1,0,0,1,0,8,1,3,3,0,0
J. Metcho,PAC,1,2,1,0,0,0,5,0,1,4,0,0
E. Krizen,MURR,0,2,0,0,0,1,4,0,4,2,1,0
J. Lobliner,KSU,2,2,0,1,0,0,2,1,1,0,2,0
C. Santander,LBSU,1,1,0,0,0,0,4,1,3,1,4,0
J. Galloway,USC,2,4,2,0,0,0,3,2,2,4,0,0
B. Hot,MRST,1,2,1,0,0,0,2,0,2,3,1,0
E. Hedges,USC,1,2,0,0,0,0,4,0,5,0,2,0
J. Nati,STAN,3,1,2,1,0,0,2,0,7,3,1,0
G. Jay,DBU,2,4,3,0,3,0,6,1,5,1,0,0
M. Handron,CAL,1,2,1,0,0,0,5,0,2,3,1,0
L. Devenport,NKU,2,1,2,0,0,1,4,0,3,6,0,0
E. Jones,BYU,2,4,0,0,1,0,4,0,1,2,0,0
T. Mcandrews,FOR,0,3,1,0,0,0,7,0,1,1,0,0
K. White,SOU,1,2,0,0,0,1,0,0,2,6,0,0
E. Willoughby,SIUE,0,3,1,0,0,0,4,0,2,7,0,0
A. Rice,DAV,3,0,0,0,0,0,2,2,3,0,0,0
T. Gray,FRES,1,2,1,0,1,0,1,2,5,4,2,0
N. Burns ll,TXSO,2,0,1,0,0,2,3,0,0,4,0,0
C. Smith,MRSH,3,3,1,0,1,0,6,3,3,2,0,0
J. Quinn-irons,GMU,3,2,0,0,2,0,7,0,5,4,0,0
D. Wood,GMU,2,3,1,0,0,1,2,0,2,5,0,0
M. Burroughs,PV,1,1,0,0,0,0,4,0,0,10,1,0
D. Sullivan,EKY,0,2,1,0,0,0,5,0,0,2,1,0
L. Scales,BU,2,0,0,0,0,0,3,0,0,4,1,0
C. Miller,ETSU,2,5,0,0,0,0,3,0,3,1,0,0
H. Christiansen,XAV,1,3,2,0,0,1,2,0,7,5,4,0
M. Niu,UNO,0,2,2,0,2,0,7,1,1,3,0,0
H. Rosson,OSU,1,1,0,0,0,0,8,0,1,0,0,0
J. Pokrovsky,PENN,0,4,1,0,0,1,5,0,3,2,0,0
R. Taylor,PENN,1,1,0,0,0,0,3,0,3,3,0,0
D. Baker,PENN,2,6,1,1,0,0,1,0,1,3,0,0
J. Krieg,ORST,2,1,0,0,0,0,3,1,0,3,0,0
J. Lovich,MIZZ,4,4,2,0,2,0,1,0,0,4,0,0
K. Caccamise,SBON,1,1,0,0,0,1,4,0,1,3,3,0
K. Wolff,BC,4,3,3,0,1,0,1,0,3,3,1,0
J. Studley,CONN,2,1,0,0,1,0,1,0,4,4,1,0
J. Romero,UNCO,1,5,0,0,0,0,1,1,4,3,3,0
M. Jones,BEL,4,2,0,0,0,0,3,0,1,2,2,0
J. Armsey,SCUS,2,1,0,0,0,0,3,0,1,6,0,0
T. Tilson,UTSA,0,3,1,0,0,0,0,0,4,0,2,0
S. Parks,SC,2,2,0,0,0,0,1,0,1,4,0,0
C. Wildman,COR,1,3,0,0,0,0,4,1,3,1,2,0
T. Becerra,STAN,2,5,0,0,0,1,4,2,1,5,0,0
C. Macdonald,STAN,3,4,0,0,0,0,1,0,2,4,1,0
G. Sepulveda,MORE,4,5,0,0,0,0,0,0,2,0,1,0
P. Herrera,UK,3,3,2,0,0,0,2,3,1,2,1,0
C. Loupe,UNO,1,5,0,0,0,1,2,1,1,3,0,0
J. Speights,ODU,2,1,0,0,0,0,3,0,0,4,0,0
D. Newman,BGSU,4,2,1,1,1,1,3,0,2,4,0,0
D. Hanson,YALE,0,3,1,0,0,1,2,0,2,3,0,0
L. Iverson,UVU,0,2,0,0,0,0,7,0,2,1,0,0
F. Ferrentino,MRMK,2,1,0,0,0,0,3,0,4,0,0,0
J. Acal,NEV,0,2,2,0,0,0,3,1,1,1,0,0
R. Woody,GMU,3,3,0,0,0,0,4,0,4,3,0,0
J. Jones,TXSO,1,2,0,0,0,1,3,1,1,7,1,0
N. Ferri,HALL,1,2,0,0,0,0,1,2,1,3,0,0
C. Garate,ORE,0,6,3,0,0,0,7,1,1,2,0,0
T. Pancake,YSU,1,3,0,0,0,0,3,0,1,6,0,0
R. Seymour,MSU,0,7,0,0,0,0,5,0,1,3,0,0
J. Hurd,ALBY,0,1,0,0,0,0,6,0,1,3,1,0
D. Palmer,HOF,4,10,1,0,0,1,3,1,0,6,2,0
E. Parks,BUT,0,1,0,0,0,0,6,0,2,1,1,0
M. Hartman,WSU,1,2,1,0,1,0,3,2,1,4,0,0
R. Christiansen,SAC,1,0,0,0,0,0,2,0,3,4,0,0
D. Ratfield,GONZ,1,6,0,0,0,0,2,1,5,4,1,0
G. Caston,ALCN,1,2,0,0,0,0,0,2,3,2,0,0
L. Knight,WEBB,0,4,0,0,0,0,1,1,1,2,1,0
P. Fultz,WRST,1,0,2,0,0,0,8,0,1,2,0,0
C. Smith,FSU,1,6,0,0,0,2,5,0,2,6,1,0
K. Fletcher,BAY,2,0,1,0,0,1,5,0,1,2,0,0
E. Mann,DBU,2,5,1,0,1,0,6,1,6,4,0,0
L. Filippi,ALBY,0,4,0,0,0,0,6,0,3,6,0,0
C. Kelly,MASSL,3,2,0,0,0,0,1,1,4,1,1,0
K. Kropf,SCUS,4,8,1,0,1,0,1,1,6,2,0,0
J. Bold,PRIN,2,1,0,0,1,0,5,0,1,3,0,0
T. Herron,ILST,3,3,0,0,0,2,3,0,1,4,0,0
J. Arcamone,RICH,2,2,0,0,0,0,3,0,0,3,1,0
T. Johnson,BRAD,2,3,1,0,0,0,0,1,2,2,0,0
A. Delgado,JAC,3,1,0,0,0,0,7,0,0,1,0,0
G. Cameron,UK,2,2,0,0,0,0,1,1,2,2,1,0
V. Sheahan,SCUS,0,3,3,0,0,0,5,0,4,6,1,0
N. Nawrocki,CLEM,0,2,1,0,0,0,3,0,1,3,0,0
C. Kleinman,VCU,6,1,1,0,0,1,1,1,4,5,2,0
T. Curry,MIZZ,3,2,1,0,1,0,1,0,0,2,0,0
A. Garza,CP,1,3,1,0,0,0,1,0,4,4,1,0
C. Murray jr.,CP,4,1,0,0,0,0,4,0,2,1,0,0
T. Quinn,UTAH,1,2,1,0,1,1,2,1,6,3,1,0
J. Nunez,PEPP,1,1,1,1,0,0,2,0,2,2,0,0
S. Cabeza,JKST,0,2,1,0,0,0,1,1,2,2,1,0
L. Montesano,JKST,1,0,2,0,0,0,3,1,2,2,0,0
J. Villalobos,TXSO,3,1,0,0,2,0,5,1,2,1,0,0
J. Lazo,TXSO,2,2,2,0,0,0,2,2,4,3,1,0
C. Butler,RAD,3,1,3,0,0,0,5,0,7,3,1,0
C. Grantham,RAD,3,3,1,0,0,0,5,3,1,0,1,0
C. Kerce,GT,1,4,1,0,0,0,1,0,1,2,0,0
R. Silva,NEB,1,7,0,0,0,0,2,5,1,5,0,0
W. Jordan,BAY,1,3,0,0,1,0,5,0,2,0,0,0
G. Wright,QUIN,2,1,0,0,0,1,2,1,6,5,0,0
T. Marsh,LIB,1,6,2,0,0,0,3,0,3,2,2,0
Q. Peters,EIU,1,2,1,0,0,0,2,0,2,3,0,0
C. Lombardo,WIN,0,2,0,0,0,2,4,1,5,2,1,0
C. Griffith,WIN,3,1,0,0,0,0,1,0,1,4,0,0
P. Mancino,OHIO,2,1,0,0,1,0,1,0,2,2,1,0
C. Richey,LIP,1,3,0,0,1,0,3,0,3,1,0,0
A. Kanellis,FOR,3,1,0,0,0,0,6,0,0,2,0,0
A. Kean,MORE,1,1,1,0,0,0,7,0,0,1,1,0
A. Biediger,NICH,1,4,2,0,2,0,3,1,4,3,0,0
T. Gordon,M-OH,0,0,0,0,0,0,0,0,3,6,1,0
R. Novak,M-OH,5,1,0,0,0,0,7,1,0,1,0,0
J. Palmese,ETSU,1,2,0,0,1,0,2,0,3,2,0,0
J. Jones,NORF,2,2,0,0,0,0,5,0,2,2,1,0
A. Gracia,DUKE,4,6,2,0,2,1,3,2,4,0,1,0
J. Ference,UVA,0,1,1,0,0,1,2,2,2,1,1,0
E. Becker,UVA,2,3,1,0,0,0,2,0,2,1,0,0
H. Ford,UVA,2,5,2,0,3,0,6,3,4,3,1,0
P. Watts,TROY,2,2,0,0,0,1,2,0,3,3,0,0
L. Spence,SIUE,1,5,3,0,0,1,4,1,0,3,0,0
G. Franck,SIUE,2,2,0,0,1,0,0,1,5,3,0,0
C. Santerre,STON,1,3,1,1,1,0,1,3,2,3,0,0
L. Sutter,PUR,2,0,1,0,0,0,2,1,3,3,1,0
E. Paulsen,STON,2,1,1,0,0,0,0,0,0,8,0,0
T. Turner,WCU,0,3,1,0,2,0,5,0,1,4,0,0
J. Sutryk,CHAR,0,2,1,0,0,0,8,0,0,1,0,0
B. Watson,VT,0,4,0,0,0,0,5,0,2,8,0,0
C. Parcell,NIU,1,1,2,0,0,0,6,0,0,2,0,0
R. Borho,AC,2,1,0,0,0,0,5,1,0,2,1,0
K. Neri,RID,0,1,0,0,1,0,3,1,3,0,1,0
C. Wallace,ECU,1,3,0,0,0,0,1,0,1,4,0,0
T. Christman,WM,2,4,0,0,0,0,5,0,0,2,1,0
G. Royer,HC,2,2,0,0,0,0,3,1,1,3,2,0
A. Greco,WM,3,2,0,0,2,0,2,2,0,2,0,0
E. Breyfogle,ARIZ,1,1,0,0,0,1,3,2,0,5,0,0
D. Villescas,UNO,4,0,0,0,0,0,5,1,2,3,1,0
G. Mangrum,MCNS,2,1,0,1,0,1,8,0,2,6,0,0
S. Larranaga,MCNS,1,2,2,0,1,0,8,1,4,2,0,0
C. Schneider,MCNS,2,5,1,0,0,0,4,1,1,7,0,0
G. Mastros,SLU,3,1,2,0,1,1,3,0,4,5,1,0
M. Maulik,UOST,2,5,1,0,0,0,1,1,0,5,1,0
B. Christensen,SHSU,4,0,0,0,0,0,4,0,0,1,1,0
B. Brown,SHSU,2,2,0,0,0,0,5,0,0,2,1,0
J. Martinez,SHSU,3,1,1,1,0,0,4,0,0,2,0,0
R. Williamson,TOWS,0,3,0,0,0,0,3,0,2,7,2,0
A. Reese,HOU,1,1,1,0,0,0,6,0,1,0,0,0
B. Slaton,TULN,1,2,0,0,1,0,5,2,5,1,1,0
C. Rasmussen,TULN,3,2,1,0,1,0,5,0,5,3,1,0
D. Mayer,MAN,0,2,0,0,0,0,6,0,1,1,0,0
D. Burroway,NWST,2,3,0,0,0,0,2,0,1,2,0,0
C. Rains,NWST,1,3,1,1,0,0,5,0,1,1,0,0
G. Greger,BRY,0,3,0,0,0,0,7,0,1,2,0,0
R. Tayman,CAL,0,2,0,0,0,0,8,0,0,0,0,0
P. Moutzouridis,CAL,2,0,1,0,2,0,2,1,1,1,1,0
J. Advincula,CAL,1,3,0,0,0,1,3,0,1,4,0,0
B. Molinaro,PSU,1,2,1,0,0,0,3,1,3,2,1,0
C. Becker,NDSU,1,4,0,2,0,1,3,0,0,3,0,0
C. Cramer,WSU,1,1,3,1,0,0,2,0,2,2,2,0
T. Shaneyfelt,NKU,1,4,0,1,0,0,1,0,2,3,1,0
E. Felix,UCD,1,1,3,0,0,1,2,1,0,2,1,0
T. Howard,UCD,2,5,0,0,0,0,2,0,1,5,0,0
S. Kane,SEA,0,0,3,0,1,0,4,0,4,3,1,0
M. Rosales,CSF,0,2,3,0,2,0,2,0,0,1,0,0
J. Hanson,UCD,2,1,2,0,0,0,1,0,3,4,0,0
J. Phelan,GONZ,0,2,2,0,1,2,6,1,0,3,2,0
G. Mestas,GONZ,1,3,2,0,0,0,3,0,2,5,0,0
M. Levu,UCLA,1,2,0,0,0,1,7,0,2,5,0,0
R. Cholowsky,UCLA,4,3,0,0,0,1,6,0,1,5,0,0
M. Maloney,WMU,3,6,0,0,0,1,2,0,3,10,0,0
D. Tarpley jr.,YSU,0,3,4,0,0,1,5,0,4,5,0,0
I. Collier,TXST,0,0,1,0,0,0,3,1,4,0,1,0
E. Rodriguez,ORU,2,8,1,0,0,0,2,0,4,6,0,0
R. MacDougall,DAY,0,1,0,0,2,0,8,1,1,1,1,0
A. Cazorla,DAY,1,0,1,0,3,0,3,2,2,3,0,0
K. Edwards,LU,2,1,0,0,0,0,6,0,2,4,0,0
J. Jett,LU,0,2,0,0,1,0,5,0,4,0,0,0
A. Matias,PEAY,1,0,0,0,0,0,5,0,2,4,0,0
L. Bushey,WIU,1,1,2,0,0,1,2,0,0,3,1,0
B. Szako,PEAY,3,0,0,0,1,1,2,1,2,1,1,0
L. Stevenson,UNC,4,2,0,0,0,0,3,1,0,2,0,0
B. Shinkle,KENT,0,1,0,0,0,1,3,0,0,5,1,0
R. Reese,KENT,1,1,1,0,0,2,2,0,0,5,0,0
L. Moore,LOU,3,6,1,0,0,0,7,0,1,3,0,0
I. Shirey,TSU,1,1,1,0,0,1,2,0,3,2,0,0
T. Toole,VILL,3,1,0,0,0,0,2,1,0,6,1,0
R. Liddington jr.,IW,1,1,1,0,0,1,4,0,2,1,1,0
B. Webb,CMU,5,1,0,0,0,0,2,0,1,3,1,0
C. Griffin,SFA,3,4,0,0,0,0,5,1,1,6,1,0
T. Rice,OAK,3,2,0,1,0,0,2,0,0,2,2,0
B. Duroff,SMC,1,3,1,0,2,0,3,0,1,1,1,0
R. Pierce,SMC,0,3,2,0,1,1,4,0,2,5,0,0
D. Marshall,SBON,3,4,0,0,0,0,3,1,1,7,0,0
J. Crespo,CIT,2,4,0,1,1,0,1,1,1,3,0,0
A. Cordeiro,SBON,2,3,3,0,0,0,2,0,3,2,0,0
S. Meier,ODU,2,5,0,0,0,0,3,0,0,11,0,0
E. Holman,ODU,2,1,0,0,0,0,3,1,1,4,1,0
N. Mullen,GW,2,3,1,0,0,0,2,1,5,2,1,0
M. Stallings,ODU,4,6,0,0,0,1,7,0,1,2,0,0
E. Liao,WEBB,0,2,0,0,0,0,5,0,2,2,0,0
J. Fogel,PITT,1,1,0,0,1,1,0,2,2,7,1,0
Z. Martin,ME,2,1,1,0,0,0,6,0,0,0,0,0
I. Bouton,KENN,1,3,1,0,3,0,4,1,0,2,1,0
C. Boyd,SIND,2,2,0,0,0,0,5,0,1,2,1,0
B. Evans,LAM,5,0,1,0,2,0,0,0,1,1,0,0
T. Thompson-allen,SIND,0,4,0,1,0,0,6,0,2,3,1,0
R. Zuckerman,PITT,3,1,0,0,0,0,4,0,1,3,0,0
D. Gillespie,USM,2,3,1,0,0,0,0,1,2,1,0,0
G. Broadus,USM,3,0,1,0,0,0,4,0,1,2,0,0
L. Rodriguez,MRST,1,2,1,0,0,1,2,0,1,5,2,0
K. Walker,UNM,2,4,0,0,0,0,2,0,1,1,0,0
T. Wood,UNM,4,3,0,0,1,0,0,3,0,2,0,0
J. Torres,ULL,1,4,0,0,1,0,2,0,3,0,0,0
B. Fierenzi,LIU,1,5,0,0,1,0,2,2,1,2,0,0
N. Sorensen,LIU,2,3,0,0,0,1,2,0,1,6,1,0
C. Charpiot,LBSU,2,3,2,0,0,2,1,0,3,4,1,0
G. Camacho,PAC,2,2,0,0,1,0,2,0,3,0,0,0
A. Graeber,DEL,1,2,0,0,1,1,6,0,1,3,0,0
D. Cuvet,MIA,2,3,0,1,1,0,0,2,3,4,1,0
G. Young,JVST,5,2,1,0,0,0,4,2,1,0,0,0
R. Villeneuve,TENN,3,3,0,0,0,0,4,2,0,2,0,0
T. Pompey,TTU,0,3,1,1,1,0,3,0,4,1,0,0
F. Kelly,HP,2,4,1,0,0,1,3,0,0,4,1,0
P. Daniel,BEL,4,0,1,0,0,0,3,0,1,4,2,0
C. Ladehoff,NJIT,0,2,0,0,0,1,2,0,1,5,1,0
R. Cooney,ORE,4,2,0,1,1,0,4,0,3,3,1,0
Z. Chamizo,UCRV,0,2,0,0,0,0,2,1,3,1,1,0
R. Bakes,SCAR,3,1,0,0,0,0,4,0,3,0,0,0
T. Phillips,MTU,2,5,0,0,1,0,4,0,2,10,2,0
M. Brown,HOF,2,0,0,0,0,0,3,0,3,3,1,0
A. O'keefe,RICH,1,3,0,0,0,0,3,1,2,1,1,0
C. Davalan,FGCU,4,3,0,0,1,3,6,1,6,6,1,0
K. Queen,NORF,2,1,1,0,1,0,6,1,1,3,1,0
G. Snyder,WICH,0,1,2,0,0,0,2,0,3,2,1,0
N. Best,MER,0,3,1,0,0,0,3,0,1,7,0,0
L. Walton,TOL,1,3,0,0,1,0,4,2,0,1,0,0
K. Caster,GTWN,3,3,0,0,1,0,3,0,1,1,0,0
Z. Allen,CARK,5,3,0,0,0,0,5,1,1,4,0,0
C. Shipley,CARK,1,1,1,0,0,1,5,1,4,3,3,0
B. Cermenelli,CARK,1,4,0,0,0,0,3,1,0,6,0,0
S. Milam,LSU,5,3,0,0,0,1,5,1,3,3,0,0
E. Gonzalez,FAU,2,1,1,0,0,0,2,0,2,4,0,0
C. Dugger,UCLA,2,4,0,0,0,0,2,1,0,1,0,0
A. Covas,YSU,1,5,0,0,0,0,5,0,3,5,2,0
Z. Watson,CSB,0,2,0,0,0,1,3,0,1,5,0,0
E. Bottone,AKR,3,4,1,0,1,0,8,4,2,6,2,0
L. Hill,MISS,3,0,1,0,0,1,2,0,2,9,0,0
B. Randle,MISS,0,0,0,0,0,0,3,4,0,3,1,0
C. Smithwick,MISS,1,1,1,0,0,0,4,1,1,2,0,0
J. Ruiz,SAC,1,3,1,0,0,0,5,0,1,2,2,0
C. Joyner,NWST,1,1,0,0,0,0,6,0,2,1,0,0
N. Williams,MSU,2,5,0,0,0,0,2,0,6,6,1,0
P. Link,SHU,1,1,1,0,0,0,7,0,1,0,0,0
L. Schramm,UK,1,1,1,1,1,0,6,0,1,1,0,0
K. Aloy,BYU,2,0,0,1,2,0,2,0,3,1,0,0
A. Covarrubias,USC,1,1,1,0,0,1,5,1,4,2,0,0
M. Ballard,LT,1,1,2,0,0,0,4,0,2,3,0,0
K. Wagner,UNCO,2,6,1,0,0,0,4,0,3,6,1,0
M. Vazquez,UTRGV,0,1,1,0,1,0,0,0,5,3,2,0
D. Perron,URI,0,4,0,0,0,0,0,0,4,1,1,0
I. Sobieszcyk,BRAD,1,2,0,0,0,0,5,1,1,1,0,0
D. Digiorno,UTAH,0,2,3,0,1,0,2,0,2,5,1,0
L. Jenkins,UNA,3,0,2,0,0,0,5,0,3,2,0,0
A. Ruocco,WIN,2,2,0,0,0,2,4,1,1,3,1,0
J. Natili,RUTG,1,6,0,0,0,0,4,2,3,4,0,0
B. Arnette,LU,1,1,1,0,0,0,2,0,5,5,1,0
T. Schmalzle,FAIR,1,1,0,0,0,0,2,0,4,2,0,0
T. Truitt,UNCG,4,4,0,0,0,0,10,1,0,2,0,0
Z. Walsh,UNCG,1,3,0,0,0,1,1,0,2,5,0,0
W. Jesske,NEB,0,4,1,0,0,0,0,0,1,5,1,0
L. Allen,PV,2,3,0,0,0,0,4,0,2,1,1,0
M. Smith,PV,1,2,1,0,0,0,7,0,3,1,3,0
D. Smiley,GRAM,0,1,0,0,0,0,3,0,3,5,0,0
A. Inman,GRAM,0,3,0,0,0,0,6,0,0,3,0,0
T. Bush,PV,1,3,0,0,0,1,6,0,1,2,1,0
C. Diggins,KU,0,0,2,0,1,0,2,0,2,3,1,0
K. Takeuchi,USC,3,1,2,0,1,1,2,2,2,3,0,0
R. Radtke,AC,3,1,1,0,0,0,0,0,1,5,0,0
G. Sawa,PFW,0,1,0,0,0,1,6,0,1,4,0,0
N. Sutherlin,PFW,2,3,2,0,1,0,5,0,6,5,0,0
G. Baldwin,SEMO,0,3,0,0,0,0,2,0,0,5,0,0
S. Smith,USM,6,1,0,0,0,0,1,0,0,5,1,0
A. Rachiele,SIE,0,4,0,0,0,0,6,0,0,3,1,0
T. Figueroa,SIE,2,2,0,0,0,0,4,0,1,2,3,0
N. Campanelli,LONG,3,2,0,0,0,0,2,0,1,2,0,0
T. Cowan,IW,2,0,0,0,0,0,2,2,5,1,0,0
Q. Phillips,MILW,2,1,0,1,0,0,4,0,0,2,0,0
T. Bickers,MILW,0,1,0,1,0,0,5,0,5,1,1,0
S. Hom,AMCC,0,1,0,0,0,1,3,0,2,3,1,0
G. Gruell,AMCC,2,4,1,0,2,0,5,0,2,1,1,0
D. Mathews,USA,1,4,0,0,0,0,1,0,3,2,0,0
L. Ismaili,USA,1,1,0,0,1,1,2,1,7,5,0,0
R. Scott,IW,0,5,0,0,0,1,2,0,2,2,0,0
K. Dobos,UNCW,1,2,1,0,0,0,1,1,0,2,2,0
T. Roper,HBU,0,2,3,0,0,0,0,0,3,0,2,0
B. Compton,ASU,2,5,1,0,1,0,7,0,1,1,1,0
C. Bauman,CHSO,0,2,1,0,0,0,4,0,0,3,0,0
C. Conway,CHSO,0,5,0,0,0,1,2,0,0,3,0,0
A. Urlaub,CHSO,2,1,0,0,0,0,6,0,1,4,0,0
P. Werth,CHSO,2,0,0,0,1,0,2,1,2,3,0,0
E. Melton,USA,1,0,2,0,1,0,3,0,2,1,0,0
T. Curless,AAMU,1,0,0,0,0,0,5,0,1,1,2,0
D. Amaral,AAMU,1,0,0,0,0,0,5,0,0,4,1,0
D. Curley,TENN,0,2,1,0,2,0,3,1,2,4,0,0
A. Williamson,UCF,2,0,0,0,2,0,2,0,4,3,1,0
M. Lippe,LOU,1,5,2,0,1,0,4,0,2,1,0,0
B. Cleary,SCU,1,3,0,1,0,0,1,0,3,2,2,0
j. caron,NEB,0,2,1,0,2,0,1,0,3,6,0,0
C. Evans,NEB,4,3,0,0,1,0,1,1,2,4,1,0
C. Frost,SDST,1,4,2,0,4,1,5,1,2,8,0,0
L. Luskey,SDST,5,0,3,0,1,0,7,1,2,3,0,0
J. Oreilly,VILL,1,1,1,0,1,0,2,0,6,3,1,0
L. Mcallister,ALBY,0,0,0,0,0,0,3,0,3,6,0,0
J. Toby,ALBY,1,1,2,0,2,0,4,0,4,4,0,0
C. Loyal,ALBY,1,2,0,0,0,1,3,0,2,5,0,0
R. Stokes,NEB,1,2,1,0,0,0,1,0,0,4,1,0
C. Brumbaugh,NEB,0,1,2,0,0,0,2,0,3,2,0,0
J. Kernodle,PRIN,0,3,0,0,1,0,4,0,1,1,0,0
A. Robbins,HALL,0,2,1,0,1,0,2,0,1,2,2,0
S. Grady,BRY,2,2,0,0,0,0,1,0,2,3,1,0
J. Clough,GW,4,2,1,0,0,0,0,0,0,5,0,0
M. Travisano,MASS,0,6,0,0,0,0,2,0,1,1,0,0
T. Sanders,TTU,1,0,1,0,0,1,2,1,0,5,0,0
B. Reynolds,STAN,0,1,1,0,0,0,4,1,0,4,0,0
J. Pipercic,LIU,2,0,0,0,0,0,3,0,4,1,0,0
J. Mendez,UCSB,1,1,2,0,1,0,3,0,1,4,1,0
J. Gorostola,FGCU,0,4,1,0,0,0,6,1,2,1,0,0
J. Curtis,MEM,5,2,2,0,1,1,3,2,7,6,0,0
J. Rainess,HOU,2,1,0,0,0,1,5,2,2,4,0,1
D. Cantu,FSU,2,3,1,0,0,1,2,0,2,7,0,1
K. Machado,UNA,3,0,1,0,0,1,3,0,4,3,0,1
D. Stuart,MEM,3,5,5,0,1,1,2,0,5,5,0,1
A. Lane,NE,3,6,2,0,2,0,5,2,2,2,0,1
L. Trigiani,WM,1,4,0,0,0,0,2,0,2,2,0,1
A. Ramirez,MER,2,0,0,0,0,0,2,5,2,3,0,1
F. Genther,MASSL,3,3,0,0,1,0,4,0,1,7,0,1
G. Norris,PSU,0,3,3,0,1,1,5,0,1,2,1,1
J. Zyska,UCF,1,1,2,0,0,1,1,0,2,4,1,1
K. Putsky,NJIT,1,0,0,0,0,0,5,0,0,3,0,1
A. Choi,NJIT,0,0,2,0,0,0,6,0,1,1,0,1
J. Krause,BGSU,3,3,0,0,0,0,3,2,3,1,0,1
Z. Morris,DUKE,3,3,2,0,1,0,8,1,2,4,0,1
T. Morgan,VMI,3,0,0,0,0,0,0,0,2,6,0,1
B. Heaton,BEL,2,0,1,0,2,1,7,0,0,1,0,1
T. Antonson,SEA,2,2,0,0,0,0,3,1,4,2,1,1
K. Lyons,HALL,4,5,0,0,0,0,3,0,3,5,0,1
C. Cannizzaro,VT,3,2,2,0,1,0,4,0,3,8,1,1
D. Kark,MSU,0,4,2,0,0,0,3,1,3,6,0,1
H. Travinski,LSU,5,5,1,0,1,0,3,1,2,3,0,1
C. Mcguire,CBU,1,2,0,0,0,0,2,0,4,2,0,1
D. Duarte,HAW,1,3,1,0,0,0,1,1,3,2,0,1
T. Jones,HOU,0,3,1,0,1,0,8,1,3,2,0,1
J. Thompson,SFA,0,1,0,0,0,0,4,0,3,2,0,1
J. Loynd,DEL,0,3,0,0,0,1,2,1,3,3,1,1
J. Greenwell,WRST,1,8,2,0,0,0,3,2,6,3,1,1
J. Swinehart,WMU,1,3,1,0,1,0,3,0,1,1,2,1
M. Mcdowell,ORST,1,5,2,0,1,0,4,2,1,5,0,1
C. Hill,UTSA,4,2,0,0,1,0,4,0,0,1,0,1
N. Swarts,WSU,0,3,0,0,1,0,2,3,0,1,0,1
C. Weiss,AUB,3,5,2,0,1,0,3,1,3,6,1,1
S. Kubo,ILST,1,3,2,0,0,0,2,1,4,3,0,1
K. Dodge,LAM,3,0,1,0,0,0,1,0,3,2,0,1
C. Martin,SFA,1,3,0,0,0,0,4,0,2,2,0,1
G. Felix,NICH,2,8,0,0,0,1,5,1,1,5,0,1
A. Mackenzie,OKLA,0,1,2,0,0,1,4,0,6,1,0,1
R. Proto,MASSL,1,4,2,1,0,0,3,1,5,2,1,1
J. Powell,MSST,2,4,0,0,0,0,0,0,3,3,0,1
L. Leax,SF,4,1,0,0,0,0,3,1,1,3,0,1
J. Topolski,RICH,3,2,2,0,0,1,1,0,4,1,0,1
D. Brewer,SCAR,8,7,0,0,1,1,1,2,0,8,0,1
T. Ballestero,WAKE,3,2,1,0,0,0,6,1,2,0,2,1
T. Ross,BGSU,2,1,1,1,0,1,4,0,3,2,0,1
K. Byrne,TCU,1,1,1,1,0,0,0,0,2,4,1,1
G. Fisher,UNCO,2,0,1,0,1,1,2,2,4,3,0,1
J. Volpe,RUTG,0,3,0,0,0,0,6,2,3,7,0,1
W. Kennedy,HOF,2,2,0,0,0,1,5,0,2,8,3,1
S. Hrustich,MICH,1,0,1,1,2,1,6,1,1,2,0,1
T. Marsh,UNCW,2,2,1,0,0,0,4,0,2,1,0,1
K. Schmack,VALP,3,2,0,0,0,0,2,0,3,1,0,1
C. Mcconnell,LT,0,5,0,0,1,0,3,1,2,2,0,1
A. Myers,LT,1,3,0,0,0,0,1,0,3,3,0,1
B. Brown,UAB,1,0,2,0,0,0,2,0,3,3,1,1
N. Lopez,UK,0,8,1,0,1,0,0,0,2,3,2,1
A. Tellier,WAKE,4,3,1,0,1,1,4,0,3,7,1,1
G. Budig,WMU,1,0,1,0,0,0,5,0,5,5,0,1
M. Shallenberger,EVAN,2,3,1,0,0,0,2,2,2,3,1,1
C. Tollett,ARST,3,7,0,0,2,1,2,0,2,3,0,1
M. Snyder,OKLA,6,3,0,0,1,1,3,3,2,1,1,1
N. Hassan,KENN,1,3,0,0,1,0,0,0,2,3,0,1
B. Vore,WRST,4,1,2,0,0,0,3,0,2,2,0,1
J. Long III,MSST,1,2,0,0,0,1,2,0,3,6,1,1
B. O'shaughnessy,CAMP,3,3,1,0,0,0,4,0,0,3,1,1
T. Bischke,PITT,4,2,1,0,0,0,3,0,0,3,0,1
K. Radcliffe,SOU,0,4,1,0,0,0,3,0,3,4,1,1
T. Lafleur,ULL,2,4,2,0,0,0,6,0,1,1,1,1
N. Soles,NCST,4,5,0,1,2,0,4,0,2,6,2,1
C. Bell,RAD,1,3,1,1,2,0,2,1,2,7,1,1
K. Preston,SLU,0,3,4,0,0,0,3,0,0,2,0,1
W. Gale,JAC,0,4,0,0,0,0,7,0,2,3,0,1
J. Luders,HALL,0,5,0,0,0,0,1,1,2,4,3,1
A. Hansen,VILL,4,1,2,0,0,0,5,2,3,3,0,1
B. O'Donnell,JMU,4,0,3,0,3,2,7,2,2,3,0,1
P. Stahl,MONM,1,3,2,0,0,0,1,0,1,2,0,1
N. Gooden,MORE,1,5,0,0,1,1,3,1,2,9,1,1
L. Mcleod,LT,3,0,0,1,0,0,3,2,0,1,0,1
M. Goudeau,TXSO,2,1,0,0,0,0,2,2,1,1,0,1
R. Ollison,SOU,1,0,1,0,0,1,1,0,5,3,0,1
K. Furr,LT,2,3,1,0,1,0,0,1,1,1,1,1
O. Cobb,STAN,1,2,0,0,1,0,1,0,1,7,3,1
P. Gallo,RICE,2,2,2,0,0,1,2,1,3,8,1,1
M. Okuley,OSU,1,6,1,0,0,1,7,1,3,8,0,1
S. Rimmer,HAW,0,1,2,0,0,0,4,1,1,2,0,1
M. Venuto,UNCG,0,0,0,0,0,1,3,2,1,4,1,1
S. Luttazi,FOR,1,2,0,0,1,1,4,2,0,2,0,1
C. Gill,WAKE,1,0,0,0,0,0,7,0,2,2,2,1
E. Lege,MISS,3,3,3,0,0,0,0,2,0,3,0,1
T. Moss,NKU,3,3,2,1,2,0,3,1,3,5,2,1
R. Mendoza,IW,3,1,0,0,0,0,2,1,0,2,0,1
L. Bravo,DUKE,4,5,2,1,1,0,4,0,3,0,1,1
B. Beauchamp,SJU,0,1,2,0,0,0,3,0,1,2,0,1
R. Strollo,FAIR,1,0,0,0,0,0,9,0,0,3,0,1
B. Frederick,TOWS,1,3,0,0,5,0,4,0,3,4,0,1
A. Brienza,SJU,0,6,0,0,0,0,2,2,1,2,0,1
B. Matthews,NEV,0,2,0,0,0,0,5,0,1,2,1,1
J. Dejohn,SBON,1,0,2,0,0,0,3,2,2,2,0,1
S. Surrett,LIU,3,4,0,0,0,0,3,3,0,5,1,1
C. Cunningham,ECU,2,8,1,0,1,1,7,2,7,4,0,1
D. Pearson,CIN,5,1,1,0,1,0,4,0,2,3,0,1
N. Rabon,LIB,1,4,5,0,0,0,2,2,5,3,0,1
K. Russell,WSU,2,1,0,0,1,0,3,0,3,3,1,1
J. Berring,SCU,2,4,3,0,1,0,2,1,4,4,1,1
Z. Ketterman,WCU,1,2,0,0,0,0,7,0,2,1,0,1
N. Stocum,WCU,2,2,0,0,0,0,6,0,3,0,0,1
P. Harber,UNC,4,1,0,0,0,0,2,0,2,0,0,1
J. Riedel,RICE,1,4,2,0,0,0,10,1,3,3,1,1
C. Klingler,HP,3,4,1,0,0,1,2,0,1,9,0,1
J. Thomason,AFA,1,1,0,0,1,0,4,0,3,3,0,1
W. Smith,UTM,2,1,1,0,1,0,4,0,1,4,0,1
L. Costello,MIA,2,2,0,0,1,0,6,2,0,1,0,1
R. Anderson,SDST,1,5,0,0,0,0,1,2,1,2,0,1
G. Gouldsmith,SAC,0,4,0,0,0,1,2,0,3,8,0,1
A. Thurston,VALP,1,1,1,0,0,0,2,0,5,1,0,1
D. Mach,UNO,2,1,0,0,0,0,1,0,4,5,1,1
B. Williams,NICH,1,6,0,0,1,1,9,0,0,3,0,1
C. Dorris,AAMU,1,0,0,0,0,0,2,2,0,3,1,1
J. Urdaneta,INST,1,3,1,1,0,0,2,2,0,7,0,1
R. Morales,ARIZ,1,0,2,0,0,0,4,2,1,1,0,1
L. Keller,NAVY,1,3,1,0,0,0,1,0,3,3,0,1
E. Diaz,NAVY,4,1,0,0,0,0,1,0,2,4,0,1
C. Graves,PAC,4,1,0,0,0,0,3,0,3,1,0,1
J. Starling,ECU,2,4,0,0,0,0,4,2,4,7,2,1
E. Manzo,SCU,3,4,1,0,1,0,3,2,2,1,2,1
K. Levari,ODU,4,2,1,0,0,0,9,0,1,4,0,1
R. Rodriguez,NORF,2,2,2,0,0,0,5,2,4,4,0,1
K. Dernedde,MICH,1,1,1,0,1,0,4,0,2,1,2,1
W. Hadeen,UCI,1,6,1,0,0,1,2,1,3,3,0,1
E. Pelc,GC,2,2,2,0,0,0,2,1,3,0,1,1
R. Zaborowski,M-OH,2,3,1,0,0,0,1,1,6,2,1,1
R. Ellis,UTA,1,3,1,0,0,0,2,0,3,0,0,1
M. Simon,CBU,2,5,2,0,1,0,5,0,1,5,0,1
M. Ruiz,GAST,3,0,2,0,0,0,3,0,1,1,1,1
M. Sears,INST,4,0,0,0,2,1,6,1,1,2,1,1
C. Leary,BC,8,1,1,0,1,1,3,0,1,6,0,1
N. Chong,SMC,0,1,0,0,0,0,5,0,0,5,0,1
D. Popa,PITT,0,6,2,0,0,0,4,0,2,2,1,1
J. Bellows,SDST,1,2,2,0,0,0,5,0,2,7,1,1
G. Stephenson,XAV,3,2,0,0,0,0,4,0,0,2,0,1
W. Busch,NDSU,3,1,0,0,0,0,4,0,0,6,1,1
J. Cassella,ORE,2,4,1,0,0,0,7,0,0,2,0,1
D. Wuestenfeld,CMU,2,5,1,0,0,1,2,0,0,1,1,1
C. Caley,IW,4,3,1,1,2,0,1,0,0,4,0,1
C. Hill,NWST,1,2,0,0,0,0,3,0,2,2,1,1
L. Beckstein,NE,3,3,1,0,0,0,4,1,3,5,1,1
C. Sanford,MER,2,1,0,0,0,0,2,2,2,4,0,1
M. Brown-eiring,STON,1,6,2,0,0,0,3,0,0,4,0,1
M. Landers,BEL,1,4,0,0,0,1,1,0,3,5,0,1
C. Verdusco,GC,1,1,1,1,0,0,2,0,4,2,0,1
J. Smith,GMU,2,4,2,0,1,1,5,0,5,4,0,1
J. Chatterton,BRAD,0,2,1,0,0,0,4,0,4,5,1,1
D. Scheffler,BALL,1,4,0,0,2,0,2,1,4,1,0,1
D. Allen,USD,5,4,0,0,0,0,2,0,1,4,1,1
T. Ganus,NW,2,3,2,0,0,0,2,0,1,4,0,1
D. Stone,UCD,1,4,0,0,0,1,4,0,4,8,1,1
L. Delgado,BRAD,2,0,1,0,0,0,4,2,2,3,2,1
T. Hinrikus,JAC,1,2,1,0,2,0,3,3,0,1,0,1
S. Harrington,HOF,2,4,0,0,0,0,7,2,2,8,0,1
D. Reyes,UCLA,5,0,0,0,0,0,2,0,1,5,0,1
N. Salas,CSB,2,3,1,0,0,2,2,0,0,4,0,1
C. Tart,SOU,3,2,0,0,0,1,4,0,1,3,0,1
C. Thompson,TXST,1,1,1,0,0,0,7,2,4,2,2,1
J. Weiss,PAC,2,1,0,0,0,0,5,0,2,0,0,1
V. Bianchina,NW,1,5,1,0,0,0,10,0,5,3,0,1
J. Sprague-lott,ARK,2,3,0,0,0,0,1,0,2,0,1,1
M. Groves,UNCA,2,3,2,0,0,0,3,0,1,3,0,1
C. Love,RUTG,3,3,1,0,0,2,1,0,4,7,1,1
J. Grech,LAF,2,1,0,0,0,0,4,0,2,3,0,1
E. Stuart,CMU,0,4,1,0,0,0,5,0,1,1,1,1
G. Voytovich,BUCK,4,2,1,0,0,0,4,0,0,2,0,1
R. Hernandez,MASSL,0,2,3,0,0,0,3,0,4,4,0,1
C. Kaiser,MRSH,0,7,2,0,0,0,7,1,2,4,2,1
B. Golinski,ARMY,0,2,1,0,1,0,1,1,1,4,0,1
A. Mendolia,CARK,1,1,2,0,0,0,7,1,1,3,0,1
E. Micheletti jr.,VT,4,3,2,0,4,0,4,0,5,2,0,1
C. Price,LIU,0,2,4,0,0,0,1,0,0,2,1,1
H. D'amato,FDU,1,2,0,0,1,1,2,1,2,3,0,1
T. Mccaffrey,UCI,3,1,1,1,1,0,2,1,2,0,0,1
R. Hawthorne,MURR,3,6,0,0,0,0,5,0,3,2,1,1
G. Berkley,UTA,4,0,0,0,0,0,4,0,1,5,2,1
J. Monque,USF,1,2,0,0,0,0,5,0,0,1,0,1
J. Crull,OKST,0,3,0,0,0,0,3,0,2,1,0,1
A. Kane,DEL,1,0,0,0,0,1,3,0,3,3,1,1
C. Vest,BYU,0,2,1,0,1,0,3,1,3,1,1,1
N. Lebron,PRE,3,1,1,0,0,0,5,0,2,4,2,1
C. Caufield,MONM,2,5,1,0,0,0,3,0,1,6,1,1
J. Zimbardo,QUIN,1,4,2,0,1,0,4,1,2,3,0,1
D. Crenshaw,GC,0,7,0,0,0,1,1,0,2,4,1,1
C. Brown,PENN,0,2,1,0,0,0,5,0,0,2,0,1
G. Palladino,ALCN,2,1,1,1,0,0,2,0,4,5,0,1
P. Durocher,RUTG,0,5,1,0,0,0,3,0,3,3,2,1
J. Forbes,SJSU,2,3,0,0,0,0,2,1,2,4,0,1
T. Hardy,SJSU,2,3,1,0,1,0,1,0,2,5,0,1
J. Newman jr.,LBSU,2,2,0,0,0,0,0,0,2,4,0,1
N. Mccarthy,UK,0,1,1,1,0,0,5,0,1,6,0,1
M. Spear,SJSU,0,1,0,0,0,0,4,0,2,4,0,1
E. Hibbard,FAIR,2,2,2,0,1,0,1,1,0,2,0,1
S. Taylor,CHAR,4,2,0,0,0,1,4,0,2,4,1,1
H. Dodson,DSU,2,1,0,0,1,0,2,0,0,4,0,1
H. Robbins,MORE,1,6,1,0,0,1,3,0,2,3,0,1
T. Hatton,GRAM,0,1,0,1,0,0,2,0,4,2,2,1
B. Miller,DUKE,2,5,4,0,3,0,0,1,4,4,0,1
J. Marr,PSU,1,4,0,0,0,0,2,0,2,2,1,1
L. Wood,COFC,3,1,0,0,0,0,1,0,2,1,1,1
Y. Dessureault,STET,2,2,3,0,1,0,1,1,1,4,0,1
J. Hernandez,MIZZ,0,1,4,0,0,0,1,0,2,5,0,1
P. D'amico,HALL,3,1,1,0,1,0,3,1,0,4,1,1
A. Osuna,UNC,1,2,1,0,1,1,0,0,0,3,1,1
C. Caruso,MICH,1,1,0,0,0,1,2,0,2,7,0,1
G. Sherrod,SCUS,3,2,2,0,1,1,8,1,1,5,1,1
L. Boedicker,UCF,2,6,0,0,1,0,3,0,1,6,2,1
C. Paetow,USM,3,1,0,1,0,0,6,1,2,3,0,1
D. Pena,TXST,4,1,2,0,0,0,4,0,4,1,0,1
R. Burford,MISS,5,0,0,0,0,0,3,0,3,3,1,1
N. Rodriguez,MOSU,4,3,1,0,0,1,7,0,0,1,2,1
R. Waldschmidt,UK,4,5,1,0,0,1,4,2,3,6,2,1
H. Moore,SLU,3,3,1,0,2,0,1,2,8,4,1,1
G. Rowlett,SELA,2,0,1,0,0,0,1,0,3,4,1,1
N. Kurtz,WAKE,8,1,0,0,2,0,3,1,5,3,1,1
M. Zarrillo,LAF,1,0,0,0,0,1,7,0,0,2,0,1
B. Wurch,BUT,2,0,2,0,0,0,5,1,1,4,0,1
C. Garner,MURR,5,1,0,0,1,0,6,1,1,3,1,1
A. Smith,USD,1,1,0,0,1,0,3,0,2,3,2,1
C. Robinson,BYU,3,0,0,0,2,0,2,0,3,3,0,1
W. Janek,SHSU,1,0,2,0,1,1,3,0,1,2,0,1
L. Brewster,SHSU,4,2,0,0,0,0,3,0,2,2,1,1
C. Jackson,UTAH,2,6,0,0,0,1,4,1,3,6,2,1
C. Demartini,VT,4,4,0,0,0,0,7,1,4,4,0,1
D. Bacot,UNCA,3,0,1,0,0,0,7,0,2,2,0,1
A. St. laurent,APP,0,0,0,1,1,1,3,0,2,6,1,1
S. Lane,HOF,2,1,0,0,0,0,5,0,1,2,0,1
B. Counsell,MINN,3,2,1,0,1,0,0,0,2,3,1,1
B. Nigh,OAK,1,2,0,0,0,1,4,2,5,1,3,1
B. Arendt,UNCW,3,3,0,0,0,0,3,1,0,1,1,1
T. Negishi,NCAT,1,0,1,0,0,1,1,2,1,4,0,1
B. Fry,TOL,2,0,0,0,0,0,7,0,2,1,0,1
J. Elbeery,RICH,1,2,0,0,0,0,6,1,2,2,0,1
R. Grabosch,MORE,0,5,0,0,0,0,4,1,4,0,0,1
R. Kuntz,MORE,2,2,0,0,5,0,5,1,7,2,2,1
T. Lecroy,SCAR,5,5,2,0,0,1,5,3,1,5,1,1
E. Lambros,MD,4,5,4,1,0,0,4,0,4,2,1,1
K. Jones,SCAR,5,4,0,0,1,0,6,0,1,1,1,1
S. Hanson,KENN,1,3,0,0,1,0,1,0,2,4,0,1
L. Beard,LOU,0,3,0,0,2,1,1,0,4,2,2,1
J. Benson,LOU,3,2,0,0,1,0,4,0,3,6,0,1
I. Humphrey,LOU,4,4,2,0,0,0,0,2,2,0,0,1
P. Parker,SFA,4,1,0,0,0,1,4,0,2,3,0,1
C. Brown,NCAT,3,1,0,1,0,0,1,0,0,3,1,1
B. Fish,MASSL,0,2,1,0,0,1,6,0,2,6,0,1
B. Ahalt,HP,1,1,1,0,1,0,8,1,1,10,1,1
L. Carrier,MIA,0,1,0,0,1,0,6,2,1,2,0,1
B. Frye,MER,2,3,0,1,1,0,5,0,2,3,0,1
T. Deters,CREI,3,3,1,0,0,0,3,0,2,3,0,1
A. Anderson,XAV,2,2,0,0,0,0,2,0,4,2,0,1
I. Daugherty,OKST,1,3,0,0,0,0,0,1,2,1,2,1
C. Castle,BAY,2,2,0,0,0,1,0,0,1,4,0,1
D. Bade,BING,2,1,1,1,0,1,4,0,1,7,0,1
J. Melendez,PITT,4,3,0,0,0,1,0,1,0,5,0,1
B. Richartz,UOST,5,2,2,0,0,0,1,0,3,3,0,1
B. Vujovich,UOST,3,2,0,0,0,0,4,0,1,5,1,1
M. Lundgrin,LIP,3,4,0,0,0,0,5,4,1,4,0,1
C. Lunsford,ULM,3,2,1,0,1,1,0,0,3,2,0,1
A. Harper,NIU,0,3,0,0,0,0,2,0,0,4,0,1
M. Knight,UCLA,5,0,1,0,0,0,4,0,1,0,0,1
C. Schwabe,NDSU,1,4,0,1,0,0,5,0,3,4,2,1
A. Ramirez,TXST,1,1,1,0,1,0,2,1,5,4,1,1
C. Clayton,WASH,2,3,0,0,0,0,0,1,3,0,1,1
R. Stafford,CP,4,3,0,0,0,1,5,0,1,2,1,1
D. Bishop,KSU,1,4,0,0,0,1,1,0,0,5,1,1
O. Carapellotti,GTWN,6,4,1,2,0,0,1,0,4,4,0,1
G. Cueto,STET,1,2,1,0,0,0,3,1,2,3,1,1
B. Ankeney,GC,1,2,1,0,1,0,3,0,2,0,0,1
N. Anderson,KENN,1,1,1,0,1,1,4,0,2,2,0,1
S. Tackett,VT,1,4,0,0,0,0,3,0,4,4,1,1
D. Mashore,SMC,2,2,0,0,1,0,5,0,0,3,0,1
T. Hughes,MISS,2,2,1,0,0,0,2,1,1,4,0,1
G. Hussey,WVU,3,0,0,0,3,0,4,0,2,2,0,1
R. Morgan IV,CMU,2,1,0,1,0,0,4,0,0,2,0,1
C. Stuff,SDST,0,5,2,0,1,1,5,2,1,8,0,1
D. Parry,SDST,3,6,1,0,3,1,4,0,3,9,0,1
A. Champagne,LBSU,0,0,3,0,0,0,2,2,4,4,1,1
R. Campos,ASU,6,1,1,0,2,0,8,0,2,9,2,1
R. Mccrystal,ECU,2,2,1,0,0,0,3,0,3,1,0,1
J. Jenkins-cowart,ECU,4,7,3,0,2,0,7,0,2,5,2,1
J. Pyne,IND,2,2,4,0,0,1,3,0,1,6,2,1
M. Ellis,GT,2,4,1,0,0,0,4,0,1,4,1,1
R. Peppi,FRES,2,0,0,0,1,0,3,2,1,4,0,1
B. Harden,FDU,0,3,0,0,0,0,2,0,3,0,1,1
J. Stevenson,OSU,2,2,0,0,0,0,9,0,5,2,3,1
J. Casey,KENT,1,1,0,1,0,0,8,0,2,5,0,1
B. Marget,TULN,2,4,1,0,1,0,4,0,2,8,0,1
N. Archer,BGSU,5,3,0,0,1,0,4,0,4,3,1,1
T. Rumsey,EVAN,0,3,1,0,0,0,5,0,1,2,0,1
J. Cozart,NCST,6,3,0,0,2,1,2,1,3,6,0,1
T. White,LSU,3,4,1,0,0,0,3,1,2,5,2,1
C. Pittman,RAD,2,6,0,0,1,0,3,1,3,4,1,1
W. Turner,USA,6,1,1,0,1,0,4,0,6,0,0,1
Z. Whitacre,RAD,5,2,3,0,0,0,2,0,1,7,2,1
M. Sirota,NE,3,4,2,1,1,0,6,0,3,3,0,1
J. Bosland,NE,1,2,0,0,0,0,4,0,0,3,0,1
N. Mitchell,IND,2,0,1,0,0,0,3,1,1,3,0,1
J. Sokolove,ILST,3,4,0,0,0,1,3,0,2,5,0,1
N. Sailors,CREI,0,3,4,0,1,0,0,1,1,1,1,1
R. Chumley,WVU,1,2,1,0,0,0,7,0,2,2,0,1
J. Kuroda-Grauer,RUTG,1,8,3,0,1,0,4,0,4,1,0,1
N. Cadena,SJSU,0,3,0,0,0,0,5,0,7,3,0,1
H. Breeze,ORU,3,3,0,0,1,1,0,1,1,11,2,1
J. Steinberg,JMU,1,2,0,0,0,0,4,0,5,6,2,1
J. Ferrer,FSU,1,1,0,1,1,0,5,1,0,4,1,1
M. Ball,NEV,0,1,1,0,0,1,1,0,1,4,1,1
J. Hankins,GONZ,4,2,0,0,0,1,3,0,3,5,1,1
A. Depino,URI,2,1,0,0,1,0,1,0,1,3,0,1
I. Lopez,UTRGV,3,2,1,0,0,0,7,0,1,1,0,1
M. Maloney,PSU,1,3,0,0,0,0,4,0,1,2,0,1
L. Waters,ODU,0,4,0,0,0,1,4,1,1,9,1,1
K. Edwards,ODU,1,4,2,0,0,0,4,0,5,5,1,1
D. Bender,CCAR,3,5,0,1,0,1,2,0,1,6,2,1
J. Shockley,RICH,3,3,2,0,1,0,2,0,3,3,0,1
B. Casillas,LMU,0,3,0,0,0,0,1,0,1,3,1,1
C. Reuter,BYU,1,1,2,0,0,0,5,0,0,0,1,1
J. Heard,ORE,1,6,3,0,2,0,3,0,3,5,1,1
L. Heefner,DBU,4,5,2,1,0,1,6,0,4,5,1,1
T. Dunn,BUCK,0,4,2,0,0,1,2,0,3,1,1,1
T. Pettorini,OSU,3,8,0,0,0,1,8,1,5,5,1,1
B. Burke,NORF,1,0,0,0,0,0,2,1,6,2,0,1
J. Kramer,MSM,2,2,0,0,0,1,0,2,0,7,0,1
S. Alford,UGA,0,1,2,0,2,0,2,1,1,5,0,1
C. Sturgeon,NORF,1,1,0,0,0,2,3,0,0,5,0,1
C. Troyer,LIB,2,2,2,0,0,0,7,0,3,7,0,1
B. Amick,TENN,1,2,0,1,2,0,2,1,3,5,1,1
J. Olson,PEAY,4,1,0,0,1,0,1,2,3,3,0,1
L. Brooks,CIN,1,3,0,1,0,1,3,1,0,0,1,1
T. Bazzana,ORST,4,4,2,1,4,0,3,0,2,5,0,1
D. Hurst,UNO,0,1,0,0,0,0,4,0,1,1,2,1
K. Cross,CIN,6,6,0,1,0,0,2,1,1,4,0,1
B. Wilmes,IOWA,1,2,0,0,0,0,3,0,0,2,1,1
J. Greiving,AFA,0,4,1,0,2,0,3,1,2,3,0,1
Z. Macdonald,M-OH,3,1,1,0,0,0,2,3,1,4,1,1
B. Harrity,WMU,2,4,0,0,0,1,2,0,5,6,0,1
C. Mcgee,TTU,7,0,1,0,0,0,1,2,1,2,1,1
C. Saucke,UVA,3,7,1,0,3,0,6,0,1,3,2,1
C. Luckey,BRAD,5,0,0,0,0,0,3,1,0,1,1,1
A. Machado,HAW,3,3,2,0,0,0,1,1,2,3,1,1
. Pitre,UK,3,5,3,0,0,2,5,0,3,7,1,1
D. Duffalo,UTAH,2,1,0,0,0,0,3,1,2,1,0,1
L. Cantwell,PITT,5,1,0,0,0,0,3,1,4,1,0,1
A. Parker,UCSB,3,3,0,0,0,1,1,0,2,2,1,1
N. Giamarusti,OSU,2,0,1,2,1,0,7,0,0,1,1,1
B. Thompson,ORE,3,2,1,1,0,0,1,3,7,1,0,1
J. Rogers,MOSU,1,1,1,0,1,0,5,0,1,2,0,1
O. Pratt,USM,4,1,2,0,0,0,3,1,2,2,3,1
C. Call,UCI,0,1,1,0,2,0,3,1,2,1,0,1
A. Fernandes,MEM,2,1,2,0,0,0,2,0,2,5,1,1
C. Reisdorph,AMCC,1,4,0,0,0,0,2,1,1,1,0,1
C. Williams,MSU,1,5,1,0,0,0,8,0,2,1,0,1
J. Penney,ND,3,2,0,0,0,1,4,1,3,3,0,1
E. Paton,GC,1,1,0,0,0,0,2,0,3,5,0,1
C. Wallace,CSF,0,3,2,0,0,0,3,0,3,2,0,1
L. Pfannenbecker,MAN,5,1,0,0,0,0,2,1,1,2,0,1
C. Westenburg,MCNS,2,3,4,0,1,1,6,2,3,8,0,1
A. Estrella,UCF,0,2,1,0,0,0,5,0,0,1,0,1
H. Schott,TXAM,3,3,0,0,0,1,3,0,4,3,0,1
J. Hausser,MILW,0,4,2,0,0,0,5,1,0,6,0,1
T. O'brien,BRAD,1,1,1,0,0,0,8,0,3,1,0,1
Z. Kovalchik,SHU,1,1,0,0,0,0,3,1,2,5,0,1
T. McGuire,SHU,0,2,1,0,0,0,4,0,0,3,1,1
J. King,HC,0,1,2,0,0,0,4,0,3,3,0,1
J. Beaman,MIZZ,2,2,0,0,0,0,1,1,2,1,1,1
T. Ruffner,YSU,2,1,1,0,0,0,4,0,2,3,1,1
N. Booker,NICH,0,3,0,0,0,0,1,1,1,4,0,1
N. Sturino,FAIR,4,1,0,1,0,0,6,0,2,1,0,1
J. Friend,DAV,4,4,1,0,1,1,1,0,1,2,0,1
A. Luccini,MASSL,3,3,2,0,0,0,4,1,0,7,0,1
T. Holder,NEV,0,1,2,0,0,1,6,0,1,0,0,1
N. Dipietrantonio,PRIN,0,2,0,0,0,0,4,0,5,2,1,1
A. Downs,MSST,1,3,1,0,0,0,3,0,3,3,0,1
M. Dobie,DAY,2,4,1,0,0,1,4,0,1,5,0,1
K. Diggs,ARK,4,1,0,0,0,0,2,1,0,2,1,1
R. Lipoma,NWST,1,3,0,0,0,1,6,0,2,4,1,1
C. Hincks,ND,2,1,1,0,0,0,3,0,2,3,0,1
J. Freethy,NEV,0,2,1,0,1,0,0,0,3,3,0,1
D. Anderson,NICH,3,1,0,0,0,0,0,0,2,4,1,1
S. Tillmon,MILW,1,4,1,0,0,0,4,0,4,1,0,1
W. Lug,OHIO,1,0,0,0,0,1,4,0,1,3,0,1
T. O'connor,CIN,5,1,0,0,1,0,4,2,2,6,0,1
D. Mercer,MURR,1,2,2,0,0,0,6,0,5,6,1,1
R. Tachioka,SIND,1,3,0,0,0,2,2,0,1,4,0,1
G. Zuccaro,EMU,2,2,0,0,0,0,1,0,1,5,0,1
J. Christian,USD,1,2,0,0,0,0,3,0,3,0,0,1
R. Taylor,STON,0,0,1,0,0,0,4,0,2,2,0,1
M. Gottschalk,UOST,1,1,0,0,0,0,5,0,2,2,1,1
L. Napleton,LOU,0,2,1,1,3,0,1,1,1,2,0,1
S. Schner,HP,5,2,1,0,1,0,4,1,1,5,2,1
J. Mastillo,LIU,0,1,3,0,1,0,2,0,3,5,0,1
D. Van atten,AC,2,3,1,0,0,0,4,1,2,3,3,1
J. Liquori,FIU,1,4,0,0,0,0,0,0,2,2,0,1
B. Sanchez,UNCO,3,3,1,0,0,1,2,0,3,4,2,1
R. Facinelli,BUCK,0,2,1,0,0,0,6,0,0,0,0,1
R. Mccoy,LOU,6,2,1,0,1,0,6,1,1,3,0,1
C. Condon,UGA,1,2,3,0,1,1,2,0,2,1,0,1
B. Madliak,JVST,2,2,0,0,0,0,2,0,3,3,0,1
K. Branch,UGA,4,3,1,0,0,0,1,0,2,2,0,1
A. Hawke,WAKE,3,1,2,0,1,0,5,0,5,2,0,1
M. Gunning,BING,3,3,0,0,3,0,7,0,0,2,0,1
O. Petrich,JOES,1,1,0,0,1,0,4,0,2,5,0,1
W. Mendez,DSU,1,0,0,0,0,1,3,0,2,3,0,1
E. Bouldin,DSU,0,3,2,0,0,0,0,0,0,4,0,1
H. Rook,AC,1,2,0,0,0,0,2,0,2,3,0,1
M. Houston,WAKE,3,3,2,0,0,0,2,1,1,6,0,1
M. Thompson,YSU,0,7,0,0,0,0,3,1,3,3,2,1
R. Sherwood,YSU,1,1,1,0,0,1,6,1,3,4,1,1
D. Baker,M-OH,1,1,1,0,0,1,2,0,2,4,0,1
T. Pointer,UTA,1,1,2,1,1,0,2,0,1,6,0,1
W. Parker,TOL,1,1,0,0,0,0,8,1,0,1,1,1
N. Gent,ETSU,1,2,1,0,1,0,1,0,2,2,0,1
O. Jackson,TOL,1,3,0,0,1,0,5,2,3,2,0,1
W. Asby,UNM,2,0,1,0,1,1,0,1,6,2,1,1
E. Hacopian,MD,3,1,1,0,1,0,4,1,7,5,0,1
X. Ulrich,WAG,1,1,0,0,0,0,4,0,1,4,0,1
L. Sauve,WVU,4,2,1,0,3,0,0,1,1,3,1,1
I. Irish,AUB,4,5,4,0,1,0,7,1,3,6,4,1
C. Hendrickson,XAV,3,1,0,0,1,0,3,0,1,4,0,1
M. Simonelli,SHU,3,1,1,0,0,0,1,2,0,4,1,1
E. Kavanagh,TROY,3,5,0,0,0,0,1,0,1,6,0,1
K. Myers,TROY,2,4,1,0,2,1,3,0,0,3,1,1
S. Lewis,TROY,2,1,0,1,0,0,4,0,3,1,1,1
M. Hallquist,BALL,2,4,0,0,1,1,1,0,1,1,0,1
L. Heyman,FLA,5,1,5,0,0,1,8,2,2,5,0,1
D. Jordan,MSST,8,6,2,0,6,0,8,1,0,3,0,1
C. Fleischer,SFA,1,1,0,1,1,0,6,0,0,0,0,1
T. Biggs,SFA,0,3,1,0,0,0,7,1,0,1,0,1
N. Gregory,BALL,3,2,1,0,0,0,1,0,3,1,1,1
K. Bazzell,TTU,2,2,1,0,0,0,2,0,2,0,0,1
A. Green,TTU,3,1,1,0,1,0,1,0,2,1,1,1
C. Bryant,HC,2,0,0,0,0,0,6,3,2,5,0,1
D. Carey,NEB,0,2,1,0,0,0,6,0,4,4,0,1
M. Guzman,CSF,1,1,1,0,1,1,3,0,2,3,0,1
M. Latta,CSF,2,0,2,0,0,0,3,0,3,1,1,1
R. Bussey,OAK,3,5,1,0,0,0,3,0,0,5,0,1
R. Weingartner,JOES,0,0,3,0,3,0,4,0,3,1,2,1
P. Lejeune,MCNS,4,1,0,0,0,0,11,0,5,7,0,1
B. Royo,RICE,0,3,0,0,0,0,3,0,3,2,1,1
B. Caskey,ARST,1,2,1,0,0,1,1,1,2,6,0,1
B. Burris,ARST,3,4,2,0,0,0,3,1,2,6,0,1
A. Silva,TCU,3,3,1,0,0,0,1,1,0,1,1,1
C. Resetich,SEMO,0,2,0,0,1,2,4,2,4,5,0,1
V. Izquierdo,NAVY,1,1,0,0,0,1,1,0,4,2,0,1
H. Godbout,UVA,3,4,1,1,0,1,1,3,2,5,0,1
J. Ticer,ODU,2,2,0,0,1,0,3,3,0,4,1,1
G. Thorburn,SIE,1,2,1,0,0,0,3,0,1,4,0,1
A. Stewart,DEL,3,0,0,0,1,1,2,1,3,1,1,1
N. Bergamotto,SIE,2,1,1,0,1,0,0,0,0,6,1,1
D. Rodriguez,UTRGV,0,1,0,0,0,0,4,1,1,3,0,1
K. York,UTRGV,1,1,2,0,1,0,2,1,6,6,0,1
A. Neuweg,SLU,3,3,1,0,1,0,4,0,3,3,0,1
E. Sitzman,SLU,3,2,2,0,3,0,3,2,3,8,1,1
I. Mezzenga,MINN,2,1,0,0,1,0,2,0,3,2,0,1
W. Neels,MINN,2,3,1,0,0,1,5,0,0,2,2,1
K. Hokenson,MINN,2,0,1,0,0,0,3,0,2,2,1,1
C. Vance,EMU,0,3,1,0,0,0,4,1,1,0,0,1
B. Gatlin,MISS,2,2,1,0,1,0,0,1,4,1,0,1
J. Utermark,MISS,6,0,0,0,0,0,4,0,1,2,0,1
C. Johnson,JVST,4,2,0,0,1,0,4,1,0,1,1,1
C. Halvorson,UVU,2,3,2,0,0,0,2,0,0,0,0,1
B. Neal,LSU,1,1,0,0,1,0,3,2,0,3,0,1
P. Kling,LSU,7,2,2,0,1,0,4,1,4,2,0,1
C. Johnson,PFW,2,1,0,0,0,0,6,1,1,3,0,1
G. Kilen,LOU,1,3,3,0,1,2,1,1,3,8,2,1
A. Overn,USC,1,2,0,0,2,1,3,0,1,3,1,1
J. Navarro,LIU,2,4,0,0,0,0,4,0,2,5,0,1
T. Cerny,IND,0,5,2,0,1,1,3,0,2,3,0,1
E. Petry,SCAR,6,3,1,0,0,2,9,3,1,4,1,1
T. Liolios,NW,1,2,1,0,0,2,7,0,4,6,2,1
O. Mcelfatrick,NW,5,5,3,0,0,0,8,0,2,1,0,1
D. Powell,TXST,3,5,2,0,0,0,1,0,3,8,0,1
J. Tatom,SHSU,1,0,1,0,0,1,2,0,2,6,0,1
D. Mihos,CCAR,4,2,0,0,0,0,3,1,2,0,1,1
G. Randall,IW,3,0,0,1,0,1,0,0,3,3,1,1
C. Bloomer,SIUE,0,0,0,0,1,1,4,0,3,4,3,1
J. Ferrigno,UNA,2,3,1,0,0,0,4,1,4,2,0,1
L. Meola,STET,6,4,0,0,0,0,1,0,0,1,3,1
J. Hylton,STET,0,1,1,0,0,0,4,1,3,4,1,1
E. Griffis,STET,2,1,1,0,2,0,0,0,2,3,1,1
T. Dalley,MER,2,1,0,0,0,0,5,1,2,3,0,1
C. Todaro,MER,0,3,0,0,0,0,1,2,3,3,2,1
C. Ross,WKU,4,3,2,0,0,0,0,1,1,7,1,1
P. Tomaini,DAY,3,5,0,0,1,0,2,0,3,3,2,1
E. Swidler,LAF,1,0,1,0,1,0,3,0,3,1,1,1
J. Thomas,TEX,2,9,1,0,2,0,7,2,2,3,1,1
J. Flores,TEX,3,1,4,0,0,0,3,1,2,5,2,1
I. Jackson,ASU,3,4,0,0,1,0,7,1,2,5,3,1
B. Young,GW,0,2,2,1,0,0,7,0,1,1,1,1
D. Ross,FSU,0,5,2,1,0,1,1,1,5,5,0,1
T. Mckinlay,UNF,0,3,0,0,1,0,2,1,0,2,0,1
C. Tuupo,CHSO,1,1,1,0,1,1,1,2,2,3,0,1
J. Kendro,PITT,0,4,0,0,0,0,3,1,2,0,0,1
I. Choi,BUT,0,3,0,0,2,1,5,0,1,2,0,1
J. Cheeseman,FDU,1,1,2,0,1,0,4,0,0,1,0,1
T. Borges,USA,0,1,0,0,0,0,5,0,1,2,1,1
R. Galvan,TEX,1,3,0,0,0,1,1,0,1,2,1,1
B. Steck,SCU,5,2,1,0,1,0,3,3,2,1,0,1
R. Black,UTA,1,2,2,1,0,0,1,0,5,3,2,1
M. Lytle,UTSA,0,2,0,0,0,1,2,0,5,4,0,1
W. Pendergrass,BAY,1,2,0,0,1,0,5,1,2,2,0,1
E. Cloyd,CP,1,3,1,0,0,0,0,1,1,5,0,1
D. Hamilton,NDSU,1,3,0,0,0,1,2,1,5,5,1,1
J. Brooks,KENN,7,3,0,0,0,1,2,0,1,2,0,1
J. Chirello,KENN,5,1,0,0,0,0,6,1,0,3,0,1
C. Adams,FAU,2,0,0,0,0,0,4,0,3,4,2,1
E. Sabato,MONM,0,6,2,0,0,1,2,0,2,4,0,1
W. Jewell,HBU,1,3,0,0,0,0,0,1,1,3,0,1
L. Vidourek,CIN,4,1,0,0,0,0,6,0,2,2,1,1
M. Voit,MICH,1,3,0,0,1,1,3,0,3,4,0,1
L. Bard,HBU,0,2,0,0,0,0,3,1,0,3,0,1
A. Schuldt,CAMP,1,0,0,0,1,1,2,0,3,2,3,1
H. Coll,HOU,1,2,2,0,0,0,2,1,3,3,1,1
G. Mee,WMU,3,4,1,0,0,0,6,0,1,5,0,1
G. Morgan,FRES,3,1,1,0,0,0,8,0,1,3,0,1
A. Demartino,UNCW,3,4,1,0,0,0,3,0,1,3,0,1
J. Kross,CIN,0,3,1,0,1,0,2,4,3,5,0,1
J. Firestone,MRSH,2,2,0,0,0,0,12,1,4,4,0,1
A. Fernandez,UTM,2,4,0,1,1,0,0,1,2,2,1,1
E. Ordonez,NICH,0,2,0,0,0,0,3,2,2,1,0,1
D. Germann,MORE,2,1,1,0,1,0,2,0,1,2,1,1
B. Zeigler-namoa,HAW,4,2,1,0,0,0,2,0,1,3,0,1
C. Martinez,MASSL,1,3,5,0,1,0,5,0,2,2,1,1
R. Van grieken,SIND,6,0,0,0,0,0,3,1,3,3,2,1
B. Mclaughlin,ARK,1,4,1,0,0,0,2,0,0,3,0,1
B. Palmer,SEMO,6,1,0,0,2,0,4,1,0,6,2,1
J. Runnels,UNF,2,1,1,1,0,0,2,1,2,1,2,1
J. Lewis,SCU,1,2,2,0,0,0,3,2,1,1,0,1
J. Reeder,KU,1,0,0,0,0,0,5,1,3,2,0,1
B. Marsh,PSU,2,3,1,0,0,0,2,1,3,3,1,1
K. Shojinaga,KU,1,3,1,0,0,0,2,0,5,1,2,1
C. Shirley,PFW,1,3,1,0,0,0,3,0,1,1,0,1
Z. Zielinski,UIC,1,1,0,1,2,1,1,0,2,2,1,1
L. Crowden,SIND,2,0,0,0,0,0,4,0,3,3,1,1
E. Lazio,PRE,4,1,1,0,0,1,7,1,2,3,0,1
K. Pollack,MRST,1,1,0,0,0,1,2,0,3,3,0,1
A. Pendergast,DBU,4,4,0,0,2,0,5,0,3,7,1,1
R. Ballesteros,NMSU,3,1,0,0,0,0,0,1,1,3,0,1
J. Torres,MIA,2,2,1,0,2,0,6,0,3,0,0,1
B. Simpson,HP,4,4,2,0,1,0,6,2,3,1,1,1
E. Blanchard,GMU,2,3,1,0,0,0,1,0,2,3,0,1
G. Weiss,PV,2,3,0,0,0,2,2,0,3,4,1,1
M. Jonas,PV,1,1,0,1,0,0,6,1,0,4,0,1
Z. Floyd,SIUE,2,2,0,0,0,0,3,0,2,2,0,1
H. Brown,INST,3,2,0,0,1,0,7,0,1,1,0,1
A. Swenda,UMBC,3,1,1,0,0,0,2,0,2,1,0,1
D. Paris,UMBC,1,1,0,0,0,0,1,0,3,5,0,1
L. Lawrence,ILST,2,4,0,1,0,2,2,1,1,8,1,1
R. Moya,FGCU,2,2,1,0,0,0,6,0,2,7,2,1
M. King,CARK,1,1,1,0,0,0,3,0,0,4,0,1
B. Williams,KENT,4,0,1,0,0,0,1,1,3,4,0,1
G. Antle,OHIO,0,5,1,0,3,1,1,0,1,1,0,1
A. Rankie,SBON,0,3,3,0,0,0,0,1,6,5,1,1
J. Smith,SAC,1,3,0,0,4,0,2,1,3,2,0,1
P. Tammaro,CONN,1,4,0,0,1,0,5,0,1,1,0,1
T. Hensley,WCU,1,3,1,0,0,0,2,0,2,2,0,1
N. Groves,NIAG,2,1,0,0,0,1,4,1,1,3,1,1
T. Swidorski,COR,1,1,1,0,0,0,3,1,3,0,0,1
J. Ragsdale,IONA,0,1,2,1,0,0,1,1,1,1,1,1
J. Sapien,STAN,3,2,0,0,0,0,1,0,2,1,0,1
T. Duffield,RICE,2,1,1,0,0,0,8,0,0,0,0,1
C. Caskenette,PUR,1,1,0,0,2,0,2,2,0,2,0,1
C. Brueggemann,OKST,1,3,0,0,1,0,10,0,0,8,0,1
R. Becker,PRE,3,1,0,0,0,1,1,0,1,4,0,1
M. Lively,CIT,0,2,0,0,0,1,2,0,3,5,0,1
J. Hackett,BRY,3,1,1,0,1,0,3,0,1,1,0,1
Z. Ramppen,SF,0,3,0,0,0,0,1,0,3,1,1,1
M. Graveline,OSU,6,2,2,1,0,0,5,0,2,7,3,1
L. Hammond,XAV,1,3,1,0,1,1,5,0,2,6,0,1
J. Lucky,ALCN,0,1,0,0,0,2,4,1,2,4,1,1
"K. Banks, Jr.",ALCN,2,2,0,0,1,0,2,0,2,1,1,1
B. Martin,ALCN,0,1,0,0,0,0,3,1,0,2,2,1
D. Adderley,LMU,0,1,0,1,0,0,4,1,1,5,1,1
D. Hull,JKST,0,2,1,0,0,0,0,0,4,2,1,1
A. Hill,VCU,1,1,0,0,0,0,5,1,4,5,0,1
J. Bessette,UIC,2,3,2,0,0,0,2,0,0,0,0,1
D. Dillehay,BRWN,0,3,1,0,1,0,6,0,2,5,1,1
M. Henshon,BRWN,1,2,0,0,0,0,1,0,4,6,0,1
M. Clements,UNF,0,1,1,0,0,0,4,0,2,1,0,1
D. Beck,IW,3,4,3,1,0,0,2,0,1,1,0,1
D. Mershon,MSST,2,6,3,1,0,0,5,0,3,5,1,1
T. Rumley,CAN,1,3,0,0,0,0,2,1,0,2,1,1
R. Kennell,WEBB,0,6,1,1,0,1,4,1,0,2,0,1
J. Morris,ILST,2,1,2,0,0,0,3,1,3,2,0,1
N. Barone,WVU,2,1,0,0,0,0,7,0,0,3,1,1
E. Lopez,CSF,0,3,1,0,0,1,1,0,3,4,1,1
R. Betancourt,USF,2,2,0,0,0,1,3,1,2,2,0,1
A. Neaves,COFC,2,3,1,0,1,0,2,0,1,0,0,1
D. Parker,FGCU,1,3,0,0,0,0,4,0,1,1,0,1
D. Smith,ORE,3,4,1,0,0,0,3,1,3,3,0,1
N. Dumesnil,CBU,2,3,0,0,0,0,2,1,3,4,2,1
M. O'conor,EIU,0,1,1,0,0,0,5,0,2,0,0,1
A. Arquette,WASH,1,1,0,0,1,0,3,0,2,3,1,1
G. D'arcy,USD,0,1,0,0,0,0,6,0,0,3,0,1
B. Lumsden,WVU,3,3,4,0,1,0,4,0,1,5,1,1
J. Doyle,NE,0,1,1,0,1,0,4,0,1,2,0,1
J. George,ALST,4,1,1,0,0,0,4,0,1,3,0,1
P. Miller,GONZ,0,2,1,0,0,0,2,1,0,9,3,1
J. Keenan,SJU,0,1,2,1,0,0,6,0,1,3,0,1
Z. Von schlegell,UOST,0,3,0,1,0,0,2,0,1,2,0,1
B. Browning,WKU,1,4,0,0,1,0,2,0,1,5,0,1
B. Durbin,BRAD,0,2,1,0,0,0,2,0,0,4,0,1
A. Manning,NAVY,0,1,1,0,0,0,2,1,2,3,0,1
C. Johnson,WICH,2,6,1,0,0,0,4,1,2,5,0,1
D. Johnson,WICH,1,7,1,0,0,0,5,0,1,5,0,1
D. Williams,WICH,1,3,1,0,1,0,4,1,4,5,0,1
I. Wachsmann,XAV,1,2,0,0,1,0,3,0,3,4,0,1
E. Iannuzzi,VCU,2,1,2,0,0,1,4,1,0,2,1,1
D. Culbertson,MIZZ,1,4,0,0,0,0,5,1,1,1,2,1
T. Moore,MIZZ,4,4,0,0,0,0,2,1,2,2,0,1
B. Renck,PEPP,1,3,0,0,0,1,2,0,0,3,0,1
J. Brown,LSU,2,1,1,0,0,0,2,2,0,2,0,1
H. Keen,RAD,2,4,2,0,0,0,3,0,2,4,2,1
B. Williams,RAD,3,1,0,0,0,0,4,0,1,4,3,1
D. Biggerstaff,RAD,2,2,1,0,0,0,2,2,1,2,0,1
T. Kemp,BAY,0,5,0,0,0,0,3,0,0,4,0,1
C. Foster,LIB,4,0,1,0,0,1,5,0,3,6,3,1
C. Willis,QUIN,2,1,1,0,2,0,5,0,2,4,0,1
K. Garbowski,QUIN,4,2,0,0,0,0,2,3,2,3,0,1
M. Fung,SF,2,3,0,0,0,0,2,1,1,3,0,1
L. Schweizer,SF,0,2,0,0,0,0,0,0,2,4,1,1
J. Hernandez,WIN,0,2,2,0,0,0,2,0,0,3,0,1
J. Ritter,NORF,4,1,0,0,1,0,5,0,3,4,1,1
R. Niedzwiedz,SIUE,1,3,1,1,0,0,5,0,1,5,1,1
B. Martin,MD,4,2,0,0,0,0,2,1,2,4,4,1
A. Agresti,SJU,1,3,2,0,0,0,4,0,1,1,0,1
K. Spence,PUR,2,1,1,0,1,0,1,0,3,0,0,1
L. Gaffney,PUR,0,5,1,0,0,0,1,1,1,1,0,1
H. King,BALL,5,1,1,0,0,0,1,0,1,1,1,1
C. Bayne,CHAR,3,2,2,0,1,0,5,0,1,3,1,1
N. Furcht,CHAR,3,2,1,0,0,1,5,1,2,4,1,1
Z. Payne,AC,0,5,0,0,0,1,4,2,2,5,3,1
B. Carter,ECU,2,4,0,0,0,0,2,1,4,5,0,1
B. Parker,WM,1,2,1,0,2,1,2,0,2,1,1,1
A. Saunier,UNO,0,0,1,0,0,0,3,0,3,3,0,1
G. Grahovac,TXAM,1,2,0,0,2,0,4,0,0,0,1,1
G. Mills,NW,2,0,0,0,0,0,6,0,0,2,1,1
J. Freeman,NW,5,5,1,0,0,0,6,0,1,6,1,1
G. Miller,ALA,1,4,1,0,2,0,5,1,3,0,0,1
J. Lebron,ALA,1,4,1,0,1,0,2,2,0,4,2,1
B. Valentine,NWST,1,3,0,0,0,0,2,0,1,2,0,1
W. Gasparin,TEX,1,3,0,0,1,0,7,0,2,3,1,1
J. Schaffner,NDSU,0,3,2,0,0,0,4,0,0,1,0,1
C. Taggart,WSU,1,3,1,0,0,0,5,0,1,1,0,1
J. Paulick,NKU,7,3,1,0,1,0,4,0,3,1,1,1
M. Davis,ORU,1,0,1,0,0,0,6,0,2,2,0,1
E. Funkhouser,LU,2,2,1,0,0,0,5,0,2,0,0,1
K. Milewsky,HALL,2,0,0,0,1,1,3,1,0,2,0,1
B. Phelps,WAG,1,2,0,0,0,0,0,0,5,3,0,1
A. Serrano,WAG,1,3,1,0,0,0,10,0,3,3,0,1
C. Roche,WAG,0,1,0,0,0,0,2,0,3,1,2,1
T. Hondras,MRSH,4,4,1,0,0,0,5,0,4,8,2,1
A. Alicea,LOU,1,2,1,0,0,0,0,1,4,1,3,1
P. Coley,SELA,2,1,1,0,0,0,4,0,1,3,0,1
J. Hall,SELA,3,2,1,0,0,0,1,0,1,2,0,1
E. Larsen,OAK,2,1,0,1,1,0,3,0,1,2,1,1
S. Griffith,OAK,2,2,0,0,0,0,2,0,3,2,0,1
A. Hausner,CIT,2,2,0,0,1,1,2,1,1,4,1,1
M. Little,SBON,2,0,1,0,0,1,2,0,2,3,0,1
R. Lavey,GW,0,2,1,0,0,1,1,0,2,6,0,1
J. Zamora,APP,0,0,0,0,0,1,3,1,0,4,1,1
W. Kelly,WEBB,2,1,1,0,0,0,3,0,1,3,1,1
T. Bethel,UTA,0,3,2,0,0,0,3,0,2,5,0,1
P. Airhart,UTA,1,3,1,0,0,0,3,0,3,2,2,1
J. Smallwood,UAB,2,1,0,0,0,0,3,2,0,3,0,1
B. Kettering,SEMO,2,5,2,0,0,0,5,1,1,4,2,1
C. Krauss,DBU,3,4,1,0,2,0,5,0,5,6,0,1
B. Cannon,SEMO,2,0,1,0,2,1,7,1,1,6,1,1
D. Mcintyre,USM,0,6,0,0,0,1,3,0,0,6,0,1
C. Bogenpohl,MOSU,6,0,0,0,1,0,4,2,2,1,1,1
M. Dinges,FSU,2,3,1,0,1,0,3,0,2,2,1,1
J. Moroknek,BUT,4,1,2,0,0,0,7,0,1,3,0,1
K. Lewis,BUT,2,1,2,0,0,1,3,2,1,3,0,1
R. Drumm,BUT,4,2,1,0,2,0,0,0,1,1,2,1
D. Charney,BUT,0,1,1,0,1,0,6,0,1,0,0,1
T. Caraway,ORST,1,3,2,0,2,0,4,0,1,2,1,1
G. Gregory,WRST,5,1,0,0,0,0,4,1,2,3,1,1
A. Lopez,LBSU,1,2,0,0,0,0,4,0,2,0,0,1
J. Hefft,UNLV,2,2,0,0,1,1,0,0,1,5,0,1
K. Durschlag,HP,3,5,1,0,0,0,6,1,3,2,3,1
S. O'leary,MASSL,1,3,0,0,0,0,5,1,1,1,1,1
L. Godsey,BEL,1,3,0,0,1,0,3,1,3,2,0,1
C. Badylak,MTU,5,3,0,0,0,0,3,1,3,5,1,1
T. Takats,BGSU,1,2,1,0,0,0,2,0,0,5,0,1
B. Hemphill,UNCA,1,0,0,0,1,0,3,1,1,3,0,1
J. Mckee,FGCU,1,3,0,0,0,0,1,2,3,4,0,1
C. Brunson,TCU,1,1,1,0,1,1,1,1,0,3,0,1
B. Kresser,WVU,2,0,1,0,0,1,2,0,1,5,0,1
K. Herbert,TOL,0,0,0,0,0,0,7,0,1,4,1,1
J. Wagner,TOL,1,4,1,0,0,0,1,0,1,4,1,1
Z. Selfon,NW,1,3,0,0,0,0,2,1,2,2,1,1
D. Smith,GTWN,7,4,1,0,0,1,2,0,1,6,0,1
J. Schattle,CARK,0,1,1,0,0,0,5,1,2,3,0,1
B. Leroux,FAU,1,4,2,0,0,0,0,1,5,0,2,1
E. Pelayo,CSB,1,2,1,0,0,0,2,0,0,4,0,1
B. Wilson,SPC,2,2,1,0,2,0,0,0,1,0,1,1
L. Baker,SPC,1,3,0,0,1,0,2,0,0,4,0,1
J. Ross,MISS,5,4,0,0,1,0,1,0,2,4,0,1
A. Fischer,MISS,3,1,0,0,1,1,5,2,3,4,2,1
R. Mannino,SBON,0,3,1,0,0,1,1,2,1,2,0,1
B. Durfee,UCSB,3,3,3,0,3,0,4,1,2,4,0,1
R. Calvin,UCSB,5,2,2,0,1,0,4,1,2,4,1,1
A. Ortiz,OKST,1,2,1,0,2,0,6,0,3,2,0,1
M. Winslow,DUKE,3,2,2,0,1,0,4,0,2,0,0,1
K. Jimenez,HOU,3,2,0,0,0,0,1,0,1,3,3,1
C. Monda,UNCO,3,3,1,0,0,0,3,0,1,5,0,1
N. Sackett,AKR,0,5,0,0,0,0,4,2,1,1,0,1
M. Davinni,UTAH,4,4,0,0,0,1,3,1,3,4,0,1
A. Benhardt,WIN,1,3,2,0,0,0,4,0,3,1,1,1
S. Myers,TCU,0,2,1,0,0,0,0,0,3,5,0,1
J. Reid,LMU,0,2,0,0,0,0,6,0,1,0,0,1
N. Simpson,PFW,3,3,0,0,0,0,1,0,1,4,1,1
C. Karczewski,PFW,7,3,0,0,0,0,6,0,3,9,0,1
J. Osterhouse,PFW,0,7,2,0,1,0,3,3,3,3,0,1
J. Trabbie,CARK,1,0,0,0,0,0,3,1,1,3,0,1
K. Jones,STET,2,2,1,0,0,0,0,3,1,4,0,1
J. Stransky,FRES,2,1,2,0,0,1,1,0,2,1,0,1
M. Persons,AMCC,2,0,0,0,0,0,2,0,3,3,0,1
I. Webb,AMCC,1,6,1,1,0,1,5,1,1,1,1,1
D. Kerr,AMCC,0,4,1,0,0,0,3,0,3,5,1,1
R. McKay,MSU,0,4,0,0,0,0,0,1,1,4,1,1
H. Taubert,EVAN,1,3,1,0,0,0,1,0,2,1,1,1
A. Hobson,PRE,1,3,1,0,0,1,7,0,1,2,2,1
C. Giusti,VALP,0,2,2,0,1,0,2,1,2,0,0,1
K. Karstetter,ASU,2,3,1,1,0,0,5,0,2,1,0,1
G. Roessler,MILW,0,2,0,0,0,1,1,0,4,3,0,1
Z. Rice,AAMU,2,0,0,0,0,2,3,0,1,2,1,1
A. Diaz,AAMU,1,3,1,0,0,0,2,1,0,1,1,1
E. Dowell,MCNS,1,4,2,0,1,0,7,0,0,1,1,1
D. Joyce,SCU,2,4,2,0,0,0,5,0,1,2,0,1
D. Carr,SDST,3,1,0,0,1,0,5,2,3,0,0,1
B. Ronken,SDST,1,2,1,0,0,0,3,1,0,7,0,1
C. Sintek,SDST,1,4,0,1,2,0,1,1,4,8,3,1
G. Howard,DAV,2,1,1,0,0,0,3,0,1,1,0,1
N. Spaventa,PENN,1,4,0,0,1,1,2,0,3,4,1,1
C. Chavez,PENN,1,5,0,0,0,1,2,1,0,4,1,1
K. Peer,MIZZ,0,2,0,0,0,0,0,0,3,4,0,1
J. Fitzgerald,MINN,1,0,1,0,1,0,1,2,4,0,0,1
K. Dudding,ORU,4,0,0,0,0,0,2,0,1,2,1,1
L. Lavin,STAN,1,1,0,0,0,0,1,1,1,6,0,1
G. Larsen,YALE,1,0,0,0,0,1,2,0,0,6,0,1
S. Antonacci,CCAR,5,4,4,0,0,0,2,3,4,5,0,1
E. Groff,MISS,5,4,0,0,1,1,1,0,4,5,2,2
N. Watson,DAY,1,1,0,0,1,2,4,1,2,5,0,2
Z. Weston,QUC,1,1,0,0,0,0,5,0,0,5,1,2
E. Dickerson,TOWS,3,6,2,0,0,0,2,0,5,2,1,2
J. Frank,MSU,0,4,1,0,1,0,6,0,3,4,1,2
R. Petracci,USA,1,0,0,0,0,0,4,0,1,2,1,2
J. Mershon,OSU,6,4,1,0,1,0,5,0,5,4,0,2
J. Luikart,WRST,3,7,1,0,1,0,4,0,2,6,1,2
J. Odom,NKU,2,2,2,0,0,0,4,0,3,3,0,2
D. Melfi,WAG,4,2,1,0,0,0,6,0,3,1,0,2
D. Bowling,SJSU,2,2,0,0,0,0,3,0,4,3,0,2
A. Casillas,CP,0,3,0,0,0,0,4,0,3,3,0,2
V. Cimini,BC,4,4,0,0,1,0,2,0,2,2,2,2
M. Cline,TULN,1,2,0,0,0,0,4,1,1,5,2,2
M. Bolton jr.,PUR,0,1,0,0,0,0,4,2,1,2,0,2
S. Miyao,HAW,0,2,0,0,0,0,4,0,3,2,1,2
B. Widder,EVAN,3,2,2,0,0,0,1,0,0,1,0,2
M. Ladusau,AC,4,6,0,0,0,0,8,2,2,0,1,2
T. Causey,SCAR,4,1,0,0,0,0,5,1,3,2,0,2
C. Hake,NDSU,0,2,0,0,1,0,4,0,0,1,0,2
J. Alvarez,CBU,1,2,1,0,0,0,2,0,3,5,0,2
S. Bardatsos,GMU,1,0,0,0,1,0,0,0,4,3,0,2
T. Flores,ND,0,3,0,0,1,0,2,0,2,5,2,2
P. Powell,TEX,1,8,1,0,0,0,5,0,2,5,4,2
J. Yorke,CP,2,2,0,0,0,0,1,1,3,6,0,2
A. Kelly,LIP,0,3,1,0,0,0,3,2,2,5,1,2
R. Wacker,GW,1,2,0,0,0,1,5,0,5,4,1,2
W. Bean,VCU,2,1,1,0,0,0,1,2,2,3,1,2
S. Ondina,ASU,0,4,0,0,1,1,3,0,3,1,0,2
B. Wright,CLEM,0,4,1,0,1,1,2,0,5,3,0,2
M. Jackson,NORF,0,2,1,0,0,1,8,1,2,6,2,2
C. Hext,MCNS,3,4,2,1,0,0,8,2,2,4,1,2
J. Sagedahl,SDST,1,1,0,0,0,0,5,0,3,1,0,2
A. Ryan,VALP,1,2,1,0,0,0,3,1,0,1,0,2
T. Law,YSU,1,9,0,0,0,0,3,1,3,5,1,2
J. Montes,USF,1,3,2,0,0,1,1,1,0,3,0,2
M. Mcnamara,KENT,2,1,0,0,0,0,4,0,5,2,0,2
A. Sweatt,LIB,6,3,4,0,0,0,3,1,3,3,2,2
A. Stone,DUKE,0,1,1,0,2,2,5,2,4,5,0,2
J. Pacheco,LIP,3,6,0,0,0,0,2,0,4,5,2,2
S. Mackiewicz,TOL,3,2,0,0,1,0,5,0,7,3,1,2
M. Moise,FGCU,0,1,0,0,1,0,6,3,2,3,0,2
R. Preece,MORE,3,3,0,0,0,2,8,0,2,6,0,2
I. Williams,UNO,1,1,2,0,1,0,3,0,6,4,1,2
C. Jenkins,VMI,2,3,1,0,1,0,4,1,1,2,2,2
K. Abrams,UNCA,0,2,1,0,1,1,3,0,3,3,0,2
K. Booker,ORU,1,6,0,0,0,0,4,3,2,4,1,2
C. Hewett,VAN,0,2,2,0,0,0,1,0,2,1,0,2
J. O'dowd,TEX,1,3,1,0,1,0,4,0,4,3,1,2
G. Casas,SCAR,3,2,3,0,0,1,4,2,2,6,0,2
R. Dyal,GAST,2,1,1,0,1,0,2,0,0,3,0,2
H. Harris,LONG,2,1,0,0,1,1,1,0,2,2,0,2
B. Boettcher,ORE,0,3,0,0,0,0,4,0,2,1,0,2
E. Corona,ARIZ,1,0,0,0,1,0,5,1,2,0,0,2
B. Dubose,MEM,0,2,0,0,1,0,4,0,1,6,1,2
K. Jackson,KENT,1,1,0,0,0,0,4,0,4,2,0,2
E. Cullison,SCUS,0,3,0,0,0,0,3,0,3,2,0,2
N. Tichy,MASS,1,1,1,0,0,0,3,0,1,1,0,2
N. Goranson,WM,3,2,0,0,0,0,3,0,0,4,0,2
J. Neff,VILL,1,1,2,0,1,0,6,0,4,1,1,2
E. Sleight,ALA,2,3,1,0,2,0,5,0,1,2,1,2
B. Merila,MINN,2,4,0,0,0,0,1,1,1,4,0,2
K. Mcdonald,RICE,0,3,2,1,0,2,9,0,4,4,1,2
L. Trythall,UMBC,1,1,1,0,0,0,1,0,2,3,0,2
C. Sullivan,WMU,0,6,1,0,1,0,4,0,4,5,0,2
J. Wilcoxen,ECU,0,6,0,0,0,0,5,1,3,7,1,2
C. Boyd,APP,2,1,0,0,0,0,0,3,2,4,1,2
M. Maners,AUB,4,6,2,0,0,0,1,2,3,5,0,2
K. Morton,CONN,0,3,1,0,0,0,3,0,2,1,0,2
C. Dick,CAN,3,0,0,0,1,0,2,0,1,2,0,2
J. Putney,SBON,2,3,0,0,1,0,3,1,5,5,0,2
J. Harmstead,MONM,1,3,3,0,0,1,4,1,0,1,1,2
J. Reinisch,WAKE,3,5,1,0,2,0,4,0,1,2,0,2
M. Eze,GTWN,3,0,3,0,1,1,7,2,3,2,0,2
C. Ficca,GTWN,5,8,0,0,3,0,1,2,1,3,0,2
C. Perez,MIA,0,2,1,0,0,0,3,0,2,4,0,2
T. Wilson,GC,2,2,2,0,0,0,0,0,2,2,0,2
B. Eblin,ALA,1,5,2,1,0,0,0,1,4,2,0,2
B. Montgomery,TXAM,6,3,0,0,2,0,3,0,1,0,0,2
N. Sullivan,SCUS,3,3,0,0,2,0,2,0,1,4,0,2
J. Compton,MEM,2,3,0,0,0,1,11,1,4,6,0,2
B. Burke,TENN,2,1,3,0,1,0,5,0,3,4,0,2
E. Gonzalez,UCSD,2,4,0,0,0,0,1,0,2,3,1,2
M. Halbach,UCSD,1,3,3,0,0,1,3,1,2,4,1,2
A. Lopez,HOU,1,3,1,0,0,0,2,2,1,2,1,2
C. Lomavita,CAL,1,2,1,0,1,0,1,0,2,3,0,2
C. Dykstra,GMU,1,3,2,0,0,0,5,1,4,2,0,2
J. Galloway,MTU,2,3,2,1,1,2,2,0,8,3,0,2
B. Higgins,PFW,3,4,0,0,2,0,6,0,1,6,0,2
G. O'ferrall,UVA,5,4,0,0,0,1,1,0,3,8,5,2
E. Anderson,UVA,3,4,2,0,0,1,3,2,6,8,2,2
I. Guzman,MORE,2,4,0,0,0,1,12,0,2,2,2,2
M. Smith,UNCG,5,3,1,0,0,0,2,1,1,3,1,2
B. Jones,GMU,1,4,1,0,0,1,0,0,1,8,2,2
T. Brown,MASSL,0,6,0,0,0,0,0,0,1,4,0,2
J. Brown,PEAY,1,1,0,0,0,0,4,0,2,3,0,2
M. Wolbert,UCD,1,6,1,0,0,0,4,0,5,1,0,2
D. Diaz,VAN,4,2,2,0,0,1,1,0,1,4,0,2
G. Pike,TOL,4,2,1,0,0,0,6,2,2,4,1,2
C. Kenny,UNCO,0,4,0,0,0,0,0,0,2,6,1,2
C. Jordan,UVU,3,4,0,0,0,0,1,0,3,1,0,2
A. Demetral,NIU,3,3,1,0,0,0,1,0,2,2,0,2
J. Kramer,WSU,0,3,1,0,2,0,1,0,1,4,0,2
B. White,TOL,1,3,0,0,0,0,1,0,3,3,2,2
A. Horvath,AKR,2,1,0,0,0,0,7,0,1,1,1,2
R. Acosta,UCD,1,3,1,0,0,0,0,0,1,5,1,2
C. Valdez,UTRGV,4,1,0,0,0,0,2,1,1,1,0,2
J. Tobias,ASU,2,6,2,0,2,0,9,0,4,3,0,2
L. Nowak,ECU,1,1,0,0,0,0,4,0,3,2,0,2
H. Hines,MSST,3,6,0,0,2,0,12,0,3,6,4,2
B. Holt,USA,2,2,0,0,0,0,5,1,3,3,0,2
J. Pearson,LSU,2,2,0,0,0,0,2,0,4,4,1,2
W. Marcy,MEM,1,4,1,0,0,0,1,0,2,5,1,2
T. Batusich,M-OH,1,5,2,0,0,0,2,0,2,5,1,2
J. Hammond,LBSU,3,0,0,0,1,1,3,0,1,2,1,2
I. Petrutz,ALA,2,3,1,1,0,0,4,1,1,4,1,2
J. Rinehart,SCUS,2,4,1,1,2,1,4,0,2,8,0,2
B. Lesher,DEL,0,2,0,0,0,2,4,0,0,2,0,2
M. Lott,SHSU,0,3,0,0,0,1,2,0,2,5,0,2
M. Bello,TROY,1,2,0,0,0,0,0,0,3,3,0,2
H. Dobbins,BALL,1,0,1,0,1,0,1,1,2,1,1,2
T. Lipsey,OSU,3,4,0,0,1,0,7,0,1,14,1,2
J. Tucker,SJU,0,2,0,0,0,0,1,2,4,5,0,2
E. Snider,MTU,1,9,1,0,0,0,9,2,0,4,0,2
J. Schiavone,JMU,3,5,0,0,0,1,5,0,2,5,0,2
C. Bush,UNF,1,2,0,0,0,0,1,0,3,2,0,2
G. Kash,TTU,3,4,2,0,1,1,5,0,2,3,1,2
J. Perry,MINN,1,2,0,0,0,0,3,0,0,1,1,2
P. Stinson,INST,1,3,1,0,0,0,4,0,2,3,2,2
J. Jaconski,PSU,1,3,0,0,0,0,5,0,1,2,1,2
B. Smith,WRST,1,3,1,0,0,0,6,0,1,1,0,2
M. Guerra,ORST,1,4,0,0,0,0,6,0,4,4,0,2
A. Amato,DEL,2,1,0,0,0,0,5,0,2,3,0,2
J. Walsh,ORE,3,4,0,0,1,0,7,0,2,4,0,2
B. Markinson,NW,3,5,1,0,1,0,2,0,1,6,3,2
D. Cail,ARST,2,2,0,1,0,1,1,0,1,6,0,2
M. Useche,UNO,5,7,2,1,0,1,1,0,4,2,1,2
I. Francis,YSU,1,3,1,0,0,0,3,0,2,7,2,2
C. Martin,VT,5,1,2,0,0,0,5,2,3,4,0,2
R. Porter,COR,4,1,0,0,0,0,3,0,1,4,0,2
N. Chronis,WIN,0,0,0,0,1,0,7,0,2,2,0,2
K. Mcintosh,ALST,0,5,1,0,0,1,3,1,4,3,0,2
M. Smith,UCI,5,3,2,0,0,1,0,1,0,3,0,2
L. Myers,ALBY,1,3,0,0,0,1,3,0,0,5,0,2
P. Clohisy,SLU,3,7,3,1,0,0,1,2,2,5,0,2
W. Maclean,CREI,2,3,0,0,0,0,1,2,2,2,0,2
M. Pelcher,HOF,4,3,0,0,0,2,1,0,3,2,0,2
P. Lester,MER,1,3,0,0,0,0,2,1,2,8,0,2
J. Lauinger,OAK,3,4,1,0,0,0,5,0,1,0,0,2
D. Novak,M-OH,2,2,0,0,1,0,5,2,2,2,0,2
J. Caglianone,FLA,2,7,0,0,4,1,4,0,2,7,3,2
W. Taylor,CLEM,3,0,0,0,0,0,4,2,2,2,0,2
P. Bernstein,RICH,6,3,0,0,1,0,3,0,3,3,0,2
R. Flores,ALST,1,3,0,1,1,0,5,0,4,3,1,2
A. Vining,SPC,2,1,0,0,0,0,2,1,1,2,0,2
S. King,WAKE,1,1,2,0,1,0,2,0,7,5,0,2
V. Temesvary,GONZ,3,0,1,0,2,1,3,1,2,6,0,2
J. Ogden,UNCG,1,4,0,0,0,1,3,1,3,5,0,2
B. Heckelman,TOWS,5,2,1,0,1,1,3,1,3,2,0,2
L. Pectol,UALR,0,1,0,0,1,0,2,1,1,3,1,2
C. Parke,WSU,1,2,0,0,0,0,0,0,2,3,1,2
E. Garcia,WVU,0,5,1,0,0,0,3,0,6,6,0,2
T. Cohen,RUTG,2,9,0,0,0,1,3,0,6,6,3,2
C. Chatham,HP,9,6,3,0,0,1,4,0,0,5,0,2
W. Lee,LIP,4,4,0,0,0,1,1,0,2,5,0,2
C. Hujsak,MSST,2,7,1,0,1,2,3,3,6,5,2,2
A. Rodgers,ORU,3,3,0,0,0,0,4,0,6,3,1,2
B. Bevis,BALL,0,2,0,0,1,0,3,1,1,0,0,2
C. Musacchia,NE,1,2,0,0,0,1,6,0,6,1,0,2
J. Toomey,HC,3,1,0,0,1,0,4,0,2,1,1,2
M. Moore,STAN,2,3,0,0,2,1,5,1,3,2,1,2
J. Taylor,ULL,0,5,1,0,0,2,6,1,1,4,0,2
J. Cameron,SEMO,1,5,1,0,0,0,8,1,2,4,1,2
J. Sebring,UCSB,1,2,1,0,1,0,1,0,2,2,0,2
B. Taxdahl,UOST,0,0,0,0,1,0,2,0,2,4,0,2
N. Bach,UVU,0,1,0,0,0,0,5,0,2,2,0,2
J. Hogart,MURR,4,2,3,0,0,1,2,0,5,2,1,2
L. Anderson,BYU,2,1,0,1,1,0,3,0,1,5,1,2
D. Davis,LT,3,1,1,0,1,0,0,0,3,2,2,2
E. Snow,USF,1,3,0,0,0,0,0,2,1,3,0,2
C. Stanfield,AUB,4,1,0,1,1,1,3,2,6,5,2,2
J. Books,CCAR,2,3,2,1,0,0,8,0,1,3,0,2
C. Bodine,CCAR,4,5,0,0,1,1,1,0,8,5,1,2
T. Ludwig,LU,0,1,0,1,0,0,2,1,1,4,1,2
L. Moran,STET,3,2,1,0,0,1,2,1,3,1,0,2
E. Yamin IV,DAY,0,1,0,0,1,0,6,1,2,4,0,2
M. O'shaughnessy,DAV,0,2,0,0,1,1,3,1,2,4,0,2
S. White,WVU,3,4,0,0,0,0,4,1,2,9,0,2
T. Armstrong,UTA,1,3,0,0,0,0,3,1,2,0,2,2
N. Rabin,ILST,0,0,1,0,2,0,6,1,3,0,1,2
J. Goodman,NE,0,3,1,0,0,0,4,1,4,1,1,2
T. Thach,UNCW,2,0,0,0,1,0,5,1,3,4,0,2
A. Evans,UNCW,0,0,2,0,0,0,1,0,2,3,0,2
Z. Rice,UTM,0,2,1,0,0,0,4,0,2,2,0,2
C. Mazell,NORF,1,3,0,0,1,0,8,1,5,0,0,2
T. Ebest,SIND,1,2,1,0,1,0,4,2,2,3,1,2
Z. Yorke,GC,1,1,0,0,2,0,3,1,3,1,0,2
A. Rasmussen,ILST,0,3,0,0,0,0,5,0,0,3,0,2
A. Lodise,FSU,3,4,0,0,0,0,2,1,1,3,0,2
C. Mitchelle,CIN,1,2,0,0,0,0,2,0,2,2,2,2
D. Herring,ORU,6,2,1,0,0,0,3,0,4,3,1,2
J. Gustafson,WICH,3,0,2,0,0,0,5,2,0,3,0,2
C. Nichols,UNF,0,4,0,0,0,0,2,1,3,1,1,2
A. Patino,TXST,5,6,1,0,0,1,5,1,3,3,1,2
K. Kepley,LIB,1,5,0,1,0,0,3,0,3,9,2,2
T. Borgogno,LBSU,1,2,0,0,0,0,6,1,3,3,1,2
A. Paskell,RID,0,4,0,0,0,0,2,0,1,1,0,2
T. Poole,DBU,2,2,2,0,0,0,3,0,2,2,1,2
K. Tears,TENN,3,8,0,0,2,1,1,1,1,3,1,2
K. Walker,GRAM,0,4,1,0,0,1,1,0,1,3,4,2
K. Byrd,SOU,1,1,1,0,0,1,1,0,3,1,1,2
N. Monistere,USM,3,1,1,0,0,0,2,1,2,3,4,2
H. Kaczmar,OSU,3,6,1,1,0,0,8,1,2,6,2,2
B. Summerhill,ARIZ,1,4,0,0,0,0,4,0,3,2,0,2
M. Petersen,BRWN,1,3,1,0,0,0,5,1,3,4,0,2
S. Stem,GONZ,1,2,0,0,0,0,7,0,0,4,2,2
C. Vinson,MTU,4,7,0,0,0,1,5,0,1,3,0,2
K. Petersen,PAC,2,0,1,0,0,0,4,1,3,0,0,2
S. Seidel,BGSU,3,1,0,0,0,0,3,1,0,8,1,2
J. Koonin,PRIN,2,2,1,0,0,0,1,1,3,2,0,2
L. Nomura,FAIR,1,2,0,0,0,0,2,0,2,1,2,2
D. Lewis,QUC,2,3,2,0,0,0,4,0,0,4,0,2
J. Sousa,QUC,1,0,1,0,0,1,3,1,1,5,0,2
N. Badillo,WIN,0,2,0,0,1,0,11,0,0,2,1,2
A. Martinez,UCI,1,3,2,0,0,1,2,2,3,4,0,2
J. Winnay,WAKE,3,4,1,0,3,0,5,0,0,0,0,2
B. Cavill,WKU,1,1,3,0,0,0,4,2,2,5,1,2
Z. Brannigan,WKU,2,1,0,0,0,0,1,1,2,6,0,2
E. Lizama,WKU,1,4,2,0,0,0,2,1,4,3,1,2
C. Hentz,JAC,1,0,0,0,0,1,3,0,3,6,0,2
C. Mchugh,VCU,1,3,0,0,0,1,1,0,5,2,0,2
C. Jones,GT,4,3,1,0,1,0,2,0,2,2,0,2
D. Burress,GT,3,0,2,0,4,1,2,1,4,4,0,2
M. Dye,LIB,2,3,1,0,0,0,4,1,2,2,1,2
D. Cupp,MSST,7,2,2,0,0,0,4,0,5,6,2,2
S. Pujari,NORF,3,3,0,0,0,1,2,2,1,4,0,2
C. Curry,NORF,2,3,1,0,0,0,0,0,1,3,1,2
J. Bastian,JAC,1,1,0,0,0,1,4,0,1,2,1,2
T. Nunnally,EKY,0,2,0,0,0,0,3,0,2,3,1,2
A. Sandell,HC,5,3,0,0,1,0,3,0,2,3,0,2
T. Robinson,TOWS,2,0,1,0,0,0,4,0,3,5,2,2
R. Gump,NWST,0,1,0,1,0,0,5,3,3,2,0,2
M. Crossland,UCSD,2,3,1,0,0,0,4,1,1,5,0,2
R. Farber,TXST,4,6,2,0,0,0,1,1,5,6,1,2
B. Stanley,YSU,1,2,1,0,0,1,4,1,3,4,0,2
A. Lugo,TXST,4,2,1,0,4,0,3,1,4,2,0,2
A. Havrilla,MRSH,3,4,0,0,0,0,5,0,1,6,2,2
D. Pendergrass,COFC,2,2,1,0,0,0,3,0,4,6,1,2
K. Jones,UNCW,1,3,0,0,0,0,2,0,1,4,2,2
D. Listi,INST,3,3,1,0,0,0,1,5,1,3,2,2
S. Mcduffie,KENN,3,0,0,0,0,0,5,0,2,4,1,2
J. Barbour,QUC,0,2,0,0,0,0,7,1,3,2,1,2
T. Emerich,SIND,1,1,1,0,0,1,1,0,1,6,0,2
J. Alexander,ULL,0,3,1,0,0,0,1,0,1,3,0,2
S. Cox,MEM,2,0,1,0,1,0,4,0,2,4,1,2
P. Seals,MEM,5,1,1,1,1,0,9,0,0,1,0,2
B. Vondohlen,MTU,0,1,0,0,0,0,5,0,3,0,0,2
B. Holloway,MTU,1,1,0,0,0,0,2,0,1,3,0,2
P. Curtis,CARK,2,4,0,0,0,0,2,0,2,3,0,2
R. Wallace,PRE,0,2,0,0,1,1,1,0,4,5,1,2
E. Ickes,HAW,1,3,0,0,0,0,2,1,3,2,1,2
P. Bonds,CAMP,2,1,2,0,0,0,3,0,1,0,0,2
E. Royal,DSU,0,3,0,0,0,0,2,0,0,8,0,2
B. Broussard,ULL,0,3,0,0,0,0,7,0,0,5,1,2
E. Winfield,ULM,1,1,1,0,0,1,3,1,3,2,0,2
L. Vaughan,AMCC,2,1,0,0,1,0,5,1,2,1,0,2
D. Miller,CHSO,2,1,0,0,1,1,1,1,1,5,1,2
B. Dever,BRWN,2,3,0,0,0,0,5,0,1,4,1,2
A. Baskin,MEM,4,5,1,0,0,1,5,0,4,4,2,3
A. Mathes,CLEM,5,2,0,0,0,0,4,0,1,1,0,3
L. Vinson,MTU,5,5,0,0,1,0,8,0,2,6,0,3
G. Jennings,MTU,3,10,3,0,0,0,3,0,5,2,1,3
P. Brown,TEX,1,2,0,0,1,1,7,1,3,6,3,3
A. Stuart,HP,2,2,4,0,0,0,3,0,3,5,3,3
S. Rosso,HOF,3,6,0,0,0,2,2,1,3,7,1,3
C. Brigman,SCU,4,4,1,0,1,0,3,0,3,4,0,3
A. Makarewicz,NCST,2,2,2,0,3,0,5,0,2,5,2,3
T. Howell,MURR,1,0,0,0,2,1,2,2,1,4,0,3
J. Cushing,XAV,0,3,0,0,0,0,4,0,2,8,0,3
B. Willis,NWST,3,1,0,0,0,0,0,0,4,2,1,3
S. Shaw,VILL,1,1,1,0,0,0,9,1,5,1,0,3
H. Williams,ASU,3,3,1,0,0,0,7,2,3,6,1,3
T. Clarkson,UTAH,3,1,0,0,1,1,3,1,2,3,1,3
N. Marinconz,LBSU,0,2,1,0,0,0,2,1,1,1,0,3
B. Peirce,AUB,2,4,0,1,0,0,7,3,0,3,2,3
R. Ouzts,PRE,3,3,0,0,1,1,2,0,2,7,0,3
S. Ruta,ARMY,2,1,0,0,1,0,2,1,1,0,1,3
R. Johnson,ECU,4,5,0,1,0,0,5,0,9,5,0,3
C. Becker,MORE,2,5,0,0,0,0,3,0,1,4,2,3
C. Valero,SAC,1,2,0,0,2,0,2,0,2,4,0,3
M. Carpentier,CBU,1,4,2,0,0,1,3,3,0,4,2,3
E. Loyd,SHSU,2,1,1,0,0,1,4,0,3,4,0,3
Z. Sylvester,HALL,3,3,0,1,1,0,2,1,4,1,1,3
J. Berg,LIP,1,4,0,1,0,0,6,1,2,2,0,3
T. Santa maria,RUTG,1,6,1,0,3,0,3,4,1,4,0,3
N. Sudyka,UCSD,2,3,0,0,0,0,2,1,1,5,0,3
M. Matthews,WAG,1,4,1,0,0,0,8,1,2,1,0,3
J. Linn,TULN,0,2,0,1,0,0,6,0,0,0,0,3
B. Prince,MER,0,5,1,0,1,0,1,0,4,3,0,3
A. Torres,UTRGV,4,0,1,0,0,1,3,1,2,6,0,3
P. Green,GT,2,3,2,0,2,0,3,0,2,2,0,3
C. Mcmurray,AUB,6,2,3,0,3,0,8,2,2,1,0,3
W. French,ARST,4,1,1,0,0,0,2,1,2,5,1,3
B. Day,KSU,3,2,1,1,0,0,2,0,1,0,2,3
B. Butterworth,NCST,7,0,0,0,0,0,5,1,2,1,1,3
D. Winters,SLU,1,2,1,0,2,2,5,0,4,3,1,3
A. Smigelski,MEM,3,0,0,0,2,0,3,0,3,3,1,3
J. Brown,UCSB,1,4,0,0,0,0,5,1,1,5,0,3
C. Messina,SCAR,2,2,0,0,2,1,6,5,2,5,0,3
T. Hamilton,SCUS,1,3,0,0,2,1,3,3,2,4,0,3
S. Busch,MSU,1,5,0,0,1,0,8,0,0,4,0,3
R. Rappoli,BRWN,2,3,0,0,0,0,1,0,4,2,0,3
M. Wood,NKU,0,1,0,0,2,0,6,0,1,2,0,3
G. Pennington,NCST,2,8,3,0,0,0,1,2,5,0,0,3
D. Rivera,KSU,2,0,0,0,0,0,2,1,2,3,0,3
M. Heavner,NCST,2,2,0,0,2,0,4,1,2,0,0,3
T. Harris,CAMP,2,1,0,0,1,0,6,0,1,2,0,3
A. Vergara,LIP,5,3,0,0,2,0,8,1,1,3,0,3
T. Shelnut,FLA,1,1,1,0,3,1,6,0,1,5,1,3
B. Chance,MSST,3,1,1,0,1,1,0,0,4,13,2,3
H. Didawick,UVA,3,2,0,0,3,1,8,2,3,6,0,3
O. Ayers,MRSH,0,6,3,0,0,0,3,0,5,6,2,3
J. Walker,PFW,6,4,1,0,1,1,5,0,2,5,1,3
D. Pereira,SCUS,1,1,2,0,0,0,2,1,5,2,1,3
A. Knight,UNA,2,1,1,0,0,1,3,0,2,3,0,3
B. Bryan,TROY,4,0,2,0,0,0,8,1,1,0,0,3
P. Bouck,LIP,1,3,1,0,1,0,3,3,2,1,1,3
J. Steels,CP,2,4,1,0,0,0,3,1,3,2,1,3
R. Diaz,INST,4,5,0,0,0,0,2,1,4,3,1,3
A. Pottinger,INST,2,4,1,0,0,0,3,1,2,5,1,3
M. Whooley,VILL,4,1,2,0,0,0,6,0,3,0,2,3
A. Shibley,WSU,1,0,0,0,2,0,8,0,4,3,1,3
M. Dattalo,DBU,3,5,0,0,0,1,3,0,5,6,1,3
N. Boughton,LIP,0,2,0,0,0,0,4,0,2,2,1,3
I. Arias,DAY,3,3,1,1,1,0,5,0,0,2,0,3
D. Russell,MD,3,2,0,0,2,1,4,3,1,4,1,3
J. Hogue,NCST,1,7,2,0,0,0,2,0,0,3,0,3
J. McCladdie,JKST,0,1,1,0,0,0,1,1,1,3,1,3
C. Hacopian,MD,3,2,0,0,2,0,4,1,1,1,1,3
T. Green,PUR,1,2,0,0,0,0,3,1,0,1,0,3
G. Trahan,MCNS,2,0,0,0,0,0,5,0,0,0,0,3
K. Ritchie,OKST,0,6,0,0,0,0,2,1,1,4,1,3
M. Cummins,LU,0,2,0,0,0,1,6,2,0,1,0,3
J. Willits,OKLA,2,1,1,0,0,0,2,0,5,6,0,3
C. Kozeal,VAN,5,2,2,0,1,0,0,1,1,3,1,3
R. Stallman,CAMP,5,1,0,0,1,0,3,1,2,2,0,3
L. Ashby,KU,2,1,0,0,0,0,4,0,1,5,1,3
D. Kibler,KENT,3,1,1,0,2,0,3,1,1,0,0,3
C. Matlon,AC,3,1,2,0,0,0,2,0,0,2,0,3
I. Landry,ALST,2,3,0,0,1,0,4,0,2,5,0,3
S. Pokrovsky,HALL,1,2,2,0,1,1,4,0,3,4,3,4
M. O'hara,SCU,1,2,0,0,0,0,3,3,3,3,1,4
J. Lojewski,FGCU,3,2,4,1,0,0,5,2,5,2,0,4
J. Costello,USD,1,2,0,0,1,0,1,1,2,4,0,4
T. Barth,ETSU,3,0,0,0,0,0,1,0,1,2,2,4
T. Banks,TULN,1,1,0,1,0,2,5,0,4,4,2,4
N. Leehey,UCD,0,4,0,0,0,2,2,0,2,7,0,4
J. Stadler,IND,1,2,0,0,0,0,0,0,1,3,0,4
J. Sullivan,USA,7,4,0,0,1,0,6,2,0,1,1,4
H. Povey,FGCU,5,4,0,0,1,0,8,1,3,2,2,4
A. Larry,MSST,3,7,1,0,1,1,5,0,4,12,3,4
J. Kitchen,WMU,3,4,0,0,0,0,2,2,3,6,0,4
D. Wyers,MAN,0,1,0,0,0,1,2,0,2,5,1,4
Q. Jenkins,ALST,0,4,0,0,0,0,2,0,2,7,0,4
J. Spikerman,OKLA,2,6,1,1,0,0,4,0,2,5,0,5
E. Serrano iii,NCST,1,4,0,0,1,0,4,2,3,1,3,5
D. Bucciero,FOR,0,2,0,0,0,1,4,0,1,4,1,5
N. Mclain,ASU,3,1,1,0,1,0,4,0,0,1,1,5
E. Mendoza,ASU,1,3,2,0,0,0,2,0,5,3,2,5
C. Mora,TXST,2,4,1,0,1,0,4,0,5,6,1,6